insert into customer (customerid, name, email, contactnumber, address, membership, loyaltypoints) values (1, 'Megan', 'medgehill0@seattletimes.com', '517 579 0924', 'Suite 81', null, 8617);
insert into customer (customerid, name, email, contactnumber, address, membership, loyaltypoints) values (2, 'Bette-ann', 'bbettington1@ihg.com', '742 182 1276', 'Suite 12', null, 6104);
insert into customer (customerid, name, email, contactnumber, address, membership, loyaltypoints) values (3, 'Farley', null, '736 988 7436', 'Suite 35', 'Platinum', 4901);
insert into customer (customerid, name, email, contactnumber, address, membership, loyaltypoints) values (4, 'Aviva', 'abrumham3@google.co.jp', '506 623 9894', 'PO Box 66177', 'Silver', 6648);
insert into customer (customerid, name, email, contactnumber, address, membership, loyaltypoints) values (5, 'Dallas', null, '199 962 1435', 'PO Box 93917', 'Platinum', 6349);
insert into customer (customerid, name, email, contactnumber, address, membership, loyaltypoints) values (6, 'Reeva', 'rhattigan5@latimes.com', '563 883 5167', 'Suite 79', null, 2323);
insert into customer (customerid, name, email, contactnumber, address, membership, loyaltypoints) values (7, 'Aidan', 'aleeburn6@google.com.br', '173 335 0267', '2nd Floor', null, 2196);
insert into customer (customerid, name, email, contactnumber, address, membership, loyaltypoints) values (8, 'Guglielma', 'gbosson7@jiathis.com', '771 766 5846', 'Suite 4', null, 59);
insert into customer (customerid, name, email, contactnumber, address, membership, loyaltypoints) values (9, 'Eveleen', 'everrell8@berkeley.edu', '435 497 6528', 'Room 1842', 'Gold', 759);
insert into customer (customerid, name, email, contactnumber, address, membership, loyaltypoints) values (10, 'Riley', 'rlamanby9@163.com', '341 973 4517', 'Apt 1514', null, 9722);
insert into customer (customerid, name, email, contactnumber, address, membership, loyaltypoints) values (11, 'Dukie', 'dmcgraffina@goodreads.com', '738 468 0830', '3rd Floor', 'Silver', 565);
insert into customer (customerid, name, email, contactnumber, address, membership, loyaltypoints) values (12, 'Hammad', 'hcarneyb@webeden.co.uk', '442 338 3883', 'Apt 1710', null, 9838);
insert into customer (customerid, name, email, contactnumber, address, membership, loyaltypoints) values (13, 'Adella', null, '736 551 6413', '14th Floor', 'Silver', 7932);
insert into customer (customerid, name, email, contactnumber, address, membership, loyaltypoints) values (14, 'Cinderella', 'cgosnelld@nydailynews.com', '911 561 5334', '9th Floor', null, 3238);
insert into customer (customerid, name, email, contactnumber, address, membership, loyaltypoints) values (15, 'Michal', null, '929 240 7189', 'Room 155', null, 1662);
insert into customer (customerid, name, email, contactnumber, address, membership, loyaltypoints) values (16, 'Phip', null, '947 580 5833', 'PO Box 6937', null, 5088);
insert into customer (customerid, name, email, contactnumber, address, membership, loyaltypoints) values (17, 'Shandy', 'sboysong@engadget.com', '423 387 0350', 'Apt 902', null, 9543);
insert into customer (customerid, name, email, contactnumber, address, membership, loyaltypoints) values (18, 'Theo', 'tiacopettih@pagesperso-orange.fr', '588 121 5999', 'Apt 1285', null, 247);
insert into customer (customerid, name, email, contactnumber, address, membership, loyaltypoints) values (19, 'Waldon', 'wscarei@chronoengine.com', '166 250 9736', 'Room 300', 'Platinum', 448);
insert into customer (customerid, name, email, contactnumber, address, membership, loyaltypoints) values (20, 'Orland', 'otokellj@qq.com', '660 264 6220', 'PO Box 27995', null, 1378);
insert into customer (customerid, name, email, contactnumber, address, membership, loyaltypoints) values (21, 'Valentia', null, '277 814 0487', 'PO Box 65217', 'Silver', 9492);
insert into customer (customerid, name, email, contactnumber, address, membership, loyaltypoints) values (22, 'Aloysius', 'awaterstonel@cargocollective.com', '640 836 6715', 'Apt 834', null, 9617);
insert into customer (customerid, name, email, contactnumber, address, membership, loyaltypoints) values (23, 'Randi', 'rclipsonm@businessweek.com', '750 886 3550', 'Room 308', 'Gold', 3401);
insert into customer (customerid, name, email, contactnumber, address, membership, loyaltypoints) values (24, 'Concordia', 'cbarocn@newsvine.com', '490 969 6268', 'Apt 1291', 'Gold', 1311);
insert into customer (customerid, name, email, contactnumber, address, membership, loyaltypoints) values (25, 'Hedwig', 'hgageo@jigsy.com', '456 581 2861', 'Apt 195', null, 2214);
insert into customer (customerid, name, email, contactnumber, address, membership, loyaltypoints) values (26, 'Ida', 'inoddlep@cmu.edu', '670 438 2122', 'Apt 1505', 'Gold', 625);
insert into customer (customerid, name, email, contactnumber, address, membership, loyaltypoints) values (27, 'Dulciana', 'ddransfieldq@nhs.uk', '154 278 7865', 'Room 1951', 'Silver', 7465);
insert into customer (customerid, name, email, contactnumber, address, membership, loyaltypoints) values (28, 'Teresa', 'tschonfeldr@virginia.edu', '353 103 3419', 'Apt 338', null, 3909);
insert into customer (customerid, name, email, contactnumber, address, membership, loyaltypoints) values (29, 'Malorie', 'mwhightmans@admin.ch', '560 187 2326', '11th Floor', null, 8227);
insert into customer (customerid, name, email, contactnumber, address, membership, loyaltypoints) values (30, 'Erskine', 'ecurleyt@google.co.uk', '287 596 8780', '9th Floor', null, 9657);
insert into customer (customerid, name, email, contactnumber, address, membership, loyaltypoints) values (31, 'Waverley', 'wdurradu@theatlantic.com', '214 627 7350', 'Room 1863', null, null);
insert into customer (customerid, name, email, contactnumber, address, membership, loyaltypoints) values (32, 'Nicolais', 'nhitzkev@google.com', '562 667 0711', 'Suite 81', null, 1603);
insert into customer (customerid, name, email, contactnumber, address, membership, loyaltypoints) values (33, 'Katha', 'kboyfordw@dailymotion.com', '304 770 0244', '20th Floor', null, 8787);
insert into customer (customerid, name, email, contactnumber, address, membership, loyaltypoints) values (34, 'Elisabeth', 'emeneuxx@opensource.org', '125 494 7017', 'Room 515', null, 8236);
insert into customer (customerid, name, email, contactnumber, address, membership, loyaltypoints) values (35, 'Chic', 'ckalkery@eepurl.com', '785 760 6755', 'Apt 508', null, 3046);
insert into customer (customerid, name, email, contactnumber, address, membership, loyaltypoints) values (36, 'Hughie', 'hroddickz@51.la', '334 467 2504', 'Suite 85', null, 8984);
insert into customer (customerid, name, email, contactnumber, address, membership, loyaltypoints) values (37, 'Davy', 'dpamment10@bizjournals.com', '539 304 4561', 'Room 794', 'Gold', 2597);
insert into customer (customerid, name, email, contactnumber, address, membership, loyaltypoints) values (38, 'Willie', 'wcastle11@nytimes.com', '303 240 1307', 'PO Box 22064', 'Platinum', 182);
insert into customer (customerid, name, email, contactnumber, address, membership, loyaltypoints) values (39, 'Addie', 'aphilipsson12@intel.com', '353 620 9335', '17th Floor', null, 3302);
insert into customer (customerid, name, email, contactnumber, address, membership, loyaltypoints) values (40, 'Mahmoud', 'mfitton13@printfriendly.com', '348 650 4720', 'PO Box 25586', 'Silver', null);
insert into customer (customerid, name, email, contactnumber, address, membership, loyaltypoints) values (41, 'Barn', 'brosenboim14@example.com', '456 832 9797', 'Suite 29', null, 6412);
insert into customer (customerid, name, email, contactnumber, address, membership, loyaltypoints) values (42, 'Antonietta', 'ajordeson15@fc2.com', '386 973 8201', '5th Floor', 'Gold', 5722);
insert into customer (customerid, name, email, contactnumber, address, membership, loyaltypoints) values (43, 'Gracie', 'gairds16@vk.com', '928 615 0804', 'Room 1461', 'Silver', 8202);
insert into customer (customerid, name, email, contactnumber, address, membership, loyaltypoints) values (44, 'Loren', 'lmertin17@virginia.edu', '883 686 0826', 'PO Box 66607', 'Platinum', 275);
insert into customer (customerid, name, email, contactnumber, address, membership, loyaltypoints) values (45, 'Cos', 'cvanleeuwen18@icq.com', '395 559 5945', 'Apt 1160', null, 3190);
insert into customer (customerid, name, email, contactnumber, address, membership, loyaltypoints) values (46, 'Ulick', 'ulinfoot19@blogs.com', '914 839 2839', 'Suite 60', 'Silver', 9706);
insert into customer (customerid, name, email, contactnumber, address, membership, loyaltypoints) values (47, 'Abigale', 'agatland1a@blogspot.com', '937 723 9408', '16th Floor', 'Gold', 1118);
insert into customer (customerid, name, email, contactnumber, address, membership, loyaltypoints) values (48, 'Banky', 'bhourihan1b@ihg.com', '759 424 4319', 'Suite 66', 'Platinum', 1763);
insert into customer (customerid, name, email, contactnumber, address, membership, loyaltypoints) values (49, 'Richie', 'rmacduffie1c@prlog.org', '897 487 5473', 'Suite 48', 'Silver', 4574);
insert into customer (customerid, name, email, contactnumber, address, membership, loyaltypoints) values (50, 'Caritta', 'ciashvili1d@typepad.com', '571 760 9021', 'PO Box 66871', null, 2080);
insert into customer (customerid, name, email, contactnumber, address, membership, loyaltypoints) values (51, 'Eugine', 'eyoseloff1e@aboutads.info', '729 159 7639', 'PO Box 5759', null, 9905);
insert into customer (customerid, name, email, contactnumber, address, membership, loyaltypoints) values (52, 'Tabb', 'tdraye1f@dot.gov', '636 656 1951', 'Suite 6', 'Platinum', 9260);
insert into customer (customerid, name, email, contactnumber, address, membership, loyaltypoints) values (53, 'Berkly', 'bbanaszkiewicz1g@csmonitor.com', '860 687 6600', 'Room 1438', null, 2017);
insert into customer (customerid, name, email, contactnumber, address, membership, loyaltypoints) values (54, 'Axe', null, '760 131 7577', 'Apt 207', null, 8021);
insert into customer (customerid, name, email, contactnumber, address, membership, loyaltypoints) values (55, 'Carlie', null, '952 778 3518', 'Room 1571', null, 8943);
insert into customer (customerid, name, email, contactnumber, address, membership, loyaltypoints) values (56, 'Percy', 'pgyde1j@taobao.com', '971 208 1918', 'PO Box 92371', 'Gold', 4618);
insert into customer (customerid, name, email, contactnumber, address, membership, loyaltypoints) values (57, 'Rakel', null, '575 997 7329', 'PO Box 74378', null, 3824);
insert into customer (customerid, name, email, contactnumber, address, membership, loyaltypoints) values (58, 'Anya', 'amacewan1l@people.com.cn', '690 823 9275', 'Suite 45', 'Silver', null);
insert into customer (customerid, name, email, contactnumber, address, membership, loyaltypoints) values (59, 'Tracie', null, '562 780 6401', '5th Floor', null, 5176);
insert into customer (customerid, name, email, contactnumber, address, membership, loyaltypoints) values (60, 'Esme', 'eellicombe1n@amazon.de', '258 490 4361', 'PO Box 19684', 'Platinum', 8292);
insert into customer (customerid, name, email, contactnumber, address, membership, loyaltypoints) values (61, 'Nap', 'nbodle1o@thetimes.co.uk', '437 477 0993', 'Apt 144', 'Platinum', 719);
insert into customer (customerid, name, email, contactnumber, address, membership, loyaltypoints) values (62, 'Eldon', 'edufall1p@yellowbook.com', '466 668 3295', 'Apt 752', 'Platinum', 9623);
insert into customer (customerid, name, email, contactnumber, address, membership, loyaltypoints) values (63, 'Pearl', 'pleon1q@si.edu', '710 961 5436', 'Apt 196', 'Silver', 7279);
insert into customer (customerid, name, email, contactnumber, address, membership, loyaltypoints) values (64, 'Keriann', 'kblaylock1r@theatlantic.com', '635 639 4983', '6th Floor', 'Silver', 7689);
insert into customer (customerid, name, email, contactnumber, address, membership, loyaltypoints) values (65, 'Sidonia', 'ssenchenko1s@redcross.org', '665 810 5884', 'PO Box 56566', 'Silver', 2887);
insert into customer (customerid, name, email, contactnumber, address, membership, loyaltypoints) values (66, 'Fanya', 'fsquires1t@mashable.com', '250 896 4348', 'PO Box 94886', 'Platinum', 4423);
insert into customer (customerid, name, email, contactnumber, address, membership, loyaltypoints) values (67, 'Lorain', 'lniccols1u@jugem.jp', '903 134 7909', 'Suite 2', 'Gold', 2693);
insert into customer (customerid, name, email, contactnumber, address, membership, loyaltypoints) values (68, 'Kathleen', 'kmarielle1v@joomla.org', '995 486 0254', 'Apt 351', 'Gold', 3240);
insert into customer (customerid, name, email, contactnumber, address, membership, loyaltypoints) values (69, 'Ichabod', 'iantoinet1w@cargocollective.com', '547 159 2752', 'Room 1213', 'Gold', 6676);
insert into customer (customerid, name, email, contactnumber, address, membership, loyaltypoints) values (70, 'Northrop', 'neisenberg1x@smh.com.au', '442 825 1319', 'Suite 88', null, 1611);
insert into customer (customerid, name, email, contactnumber, address, membership, loyaltypoints) values (71, 'Burton', 'bimlach1y@hud.gov', '275 922 0434', 'PO Box 42040', null, 1645);
insert into customer (customerid, name, email, contactnumber, address, membership, loyaltypoints) values (72, 'Reagen', 'rkauffman1z@dmoz.org', '174 275 3870', '14th Floor', 'Gold', 6572);
insert into customer (customerid, name, email, contactnumber, address, membership, loyaltypoints) values (73, 'Brendis', 'bbreckell20@home.pl', '742 817 6402', 'Suite 94', null, 5102);
insert into customer (customerid, name, email, contactnumber, address, membership, loyaltypoints) values (74, 'Harry', null, '129 489 4750', 'Suite 25', 'Gold', 611);
insert into customer (customerid, name, email, contactnumber, address, membership, loyaltypoints) values (75, 'Quintilla', 'qlawless22@blogs.com', '474 102 5752', 'Apt 1472', 'Platinum', 2741);
insert into customer (customerid, name, email, contactnumber, address, membership, loyaltypoints) values (76, 'Brockie', null, '828 129 6977', 'Apt 1833', 'Silver', 2640);
insert into customer (customerid, name, email, contactnumber, address, membership, loyaltypoints) values (77, 'Laraine', 'lvolk24@nsw.gov.au', '920 871 3977', 'Suite 54', null, 1720);
insert into customer (customerid, name, email, contactnumber, address, membership, loyaltypoints) values (78, 'Gabbie', null, '380 737 2396', 'Suite 54', null, 4059);
insert into customer (customerid, name, email, contactnumber, address, membership, loyaltypoints) values (79, 'Hugh', 'hbourdice26@salon.com', '577 200 9392', 'Suite 49', 'Gold', 8496);
insert into customer (customerid, name, email, contactnumber, address, membership, loyaltypoints) values (80, 'Witty', 'wbaumert27@statcounter.com', '608 102 4785', 'Apt 1484', 'Gold', 4199);
insert into customer (customerid, name, email, contactnumber, address, membership, loyaltypoints) values (81, 'Olivia', 'orisen28@qq.com', '714 291 0148', 'Suite 15', null, null);
insert into customer (customerid, name, email, contactnumber, address, membership, loyaltypoints) values (82, 'Zechariah', 'zferry29@hud.gov', '776 145 8041', 'Room 258', 'Platinum', 6994);
insert into customer (customerid, name, email, contactnumber, address, membership, loyaltypoints) values (83, 'Dominga', 'dazema2a@latimes.com', '147 351 7345', 'PO Box 60945', null, 1125);
insert into customer (customerid, name, email, contactnumber, address, membership, loyaltypoints) values (84, 'Brittney', 'bcollard2b@ucsd.edu', '878 310 2034', 'Suite 32', null, 6294);
insert into customer (customerid, name, email, contactnumber, address, membership, loyaltypoints) values (85, 'Bartholemy', 'bthay2c@over-blog.com', '234 536 7234', '6th Floor', 'Gold', 8361);
insert into customer (customerid, name, email, contactnumber, address, membership, loyaltypoints) values (86, 'Junette', 'jjarrelt2d@craigslist.org', '977 465 3165', 'Suite 80', null, 8363);
insert into customer (customerid, name, email, contactnumber, address, membership, loyaltypoints) values (87, 'Winthrop', 'wculkin2e@theguardian.com', '396 388 1126', 'Room 1131', 'Platinum', null);
insert into customer (customerid, name, email, contactnumber, address, membership, loyaltypoints) values (88, 'Asa', 'abyart2f@howstuffworks.com', '396 272 5751', 'Apt 1172', 'Platinum', 8611);
insert into customer (customerid, name, email, contactnumber, address, membership, loyaltypoints) values (89, 'Bonnie', null, '542 496 4790', 'Apt 621', null, 2639);
insert into customer (customerid, name, email, contactnumber, address, membership, loyaltypoints) values (90, 'Juliette', 'jfessler2h@cmu.edu', '121 750 9264', '17th Floor', null, 3762);
insert into customer (customerid, name, email, contactnumber, address, membership, loyaltypoints) values (91, 'Lorettalorna', 'lcockhill2i@wiley.com', '130 222 6243', 'Room 1268', 'Silver', 5186);
insert into customer (customerid, name, email, contactnumber, address, membership, loyaltypoints) values (92, 'Danika', 'drogans2j@canalblog.com', '359 619 9784', '1st Floor', null, 169);
insert into customer (customerid, name, email, contactnumber, address, membership, loyaltypoints) values (93, 'Fanchon', 'fdavion2k@ebay.com', '466 662 0291', 'Suite 47', null, 2986);
insert into customer (customerid, name, email, contactnumber, address, membership, loyaltypoints) values (94, 'Constantina', 'ctilsley2l@nyu.edu', '978 408 0691', 'Apt 1494', null, null);
insert into customer (customerid, name, email, contactnumber, address, membership, loyaltypoints) values (95, 'Allix', 'adurdle2m@free.fr', '189 808 2039', 'Apt 1913', 'Gold', 868);
insert into customer (customerid, name, email, contactnumber, address, membership, loyaltypoints) values (96, 'Gianina', 'gmcgookin2n@princeton.edu', '939 379 6654', 'Suite 12', 'Silver', 2190);
insert into customer (customerid, name, email, contactnumber, address, membership, loyaltypoints) values (97, 'Filbert', 'fcorstan2o@xrea.com', '745 431 8869', 'Room 1238', 'Silver', 4822);
insert into customer (customerid, name, email, contactnumber, address, membership, loyaltypoints) values (98, 'Erina', null, '665 638 8854', '9th Floor', null, 3870);
insert into customer (customerid, name, email, contactnumber, address, membership, loyaltypoints) values (99, 'Sutherland', 'skirrage2q@nasa.gov', '400 606 7662', '11th Floor', null, 8575);
insert into customer (customerid, name, email, contactnumber, address, membership, loyaltypoints) values (100, 'Jolene', 'jpantone2r@photobucket.com', '213 413 6998', '13th Floor', 'Silver', 3590);
insert into customer (customerid, name, email, contactnumber, address, membership, loyaltypoints) values (101, 'Marius', 'mlembcke2s@imgur.com', '764 423 8128', '2nd Floor', 'Platinum', 7966);
insert into customer (customerid, name, email, contactnumber, address, membership, loyaltypoints) values (102, 'Dirk', 'djansik2t@google.fr', '217 602 9135', 'PO Box 3454', null, 76);
insert into customer (customerid, name, email, contactnumber, address, membership, loyaltypoints) values (103, 'Ariella', 'aedards2u@ustream.tv', '400 685 5715', 'Suite 88', 'Gold', 1004);
insert into customer (customerid, name, email, contactnumber, address, membership, loyaltypoints) values (104, 'Rozamond', 'rrothchild2v@deviantart.com', '224 124 3654', 'Apt 838', 'Silver', 610);
insert into customer (customerid, name, email, contactnumber, address, membership, loyaltypoints) values (105, 'Wayland', 'wwolpert2w@woothemes.com', '878 657 0919', '15th Floor', null, 8450);
insert into customer (customerid, name, email, contactnumber, address, membership, loyaltypoints) values (106, 'Matti', 'mleahair2x@dion.ne.jp', '105 527 9148', '8th Floor', 'Silver', 4492);
insert into customer (customerid, name, email, contactnumber, address, membership, loyaltypoints) values (107, 'Irvine', 'ibrann2y@eepurl.com', '141 614 0502', 'PO Box 25596', null, 9951);
insert into customer (customerid, name, email, contactnumber, address, membership, loyaltypoints) values (108, 'Fania', null, '616 604 1575', 'Apt 11', 'Platinum', 1354);
insert into customer (customerid, name, email, contactnumber, address, membership, loyaltypoints) values (109, 'Garrik', 'gwilbud30@samsung.com', '897 564 7487', 'Suite 54', 'Silver', 6656);
insert into customer (customerid, name, email, contactnumber, address, membership, loyaltypoints) values (110, 'Garrott', 'gshutt31@cyberchimps.com', '520 255 8830', 'Room 258', 'Gold', 3205);
insert into customer (customerid, name, email, contactnumber, address, membership, loyaltypoints) values (111, 'Demott', 'dbrandoni32@google.es', '165 762 5503', 'Apt 1736', null, 5319);
insert into customer (customerid, name, email, contactnumber, address, membership, loyaltypoints) values (112, 'Abigale', null, '833 749 9451', 'PO Box 8538', null, 2365);
insert into customer (customerid, name, email, contactnumber, address, membership, loyaltypoints) values (113, 'Roseanna', 'rtallant34@example.com', '685 554 8548', 'Room 466', null, 3063);
insert into customer (customerid, name, email, contactnumber, address, membership, loyaltypoints) values (114, 'Alvina', 'acisec35@icq.com', '234 856 1300', '15th Floor', null, 8733);
insert into customer (customerid, name, email, contactnumber, address, membership, loyaltypoints) values (115, 'Shamus', 'sjanusz36@elpais.com', '456 401 8257', 'Suite 85', null, 417);
insert into customer (customerid, name, email, contactnumber, address, membership, loyaltypoints) values (116, 'Brady', 'bfancy37@springer.com', '366 157 6597', '3rd Floor', 'Silver', 979);
insert into customer (customerid, name, email, contactnumber, address, membership, loyaltypoints) values (117, 'Margi', 'mamorine38@harvard.edu', '683 783 4721', 'PO Box 21585', 'Silver', 6890);
insert into customer (customerid, name, email, contactnumber, address, membership, loyaltypoints) values (118, 'Evvie', 'epinkerton39@dailymail.co.uk', '921 306 3385', 'Suite 20', null, 6037);
insert into customer (customerid, name, email, contactnumber, address, membership, loyaltypoints) values (119, 'Lind', 'lcurgenven3a@google.ca', '107 550 9703', 'Apt 575', null, 5388);
insert into customer (customerid, name, email, contactnumber, address, membership, loyaltypoints) values (120, 'Karlen', 'ksprigings3b@globo.com', '846 330 1376', 'Suite 79', 'Platinum', 4489);
insert into customer (customerid, name, email, contactnumber, address, membership, loyaltypoints) values (121, 'Rafaela', 'rdafydd3c@liveinternet.ru', '600 102 3736', '9th Floor', null, 6108);
insert into customer (customerid, name, email, contactnumber, address, membership, loyaltypoints) values (122, 'Tudor', 'troman3d@go.com', '142 289 6643', 'PO Box 424', 'Platinum', 8106);
insert into customer (customerid, name, email, contactnumber, address, membership, loyaltypoints) values (123, 'Lisette', 'lcarne3e@wunderground.com', '101 699 5885', 'PO Box 54658', 'Silver', 8665);
insert into customer (customerid, name, email, contactnumber, address, membership, loyaltypoints) values (124, 'Tabbi', 'tbedberry3f@imageshack.us', '602 686 2850', 'PO Box 92285', 'Silver', 9403);
insert into customer (customerid, name, email, contactnumber, address, membership, loyaltypoints) values (125, 'Parker', 'pcumberledge3g@people.com.cn', '971 345 6863', 'PO Box 80884', 'Platinum', 2505);
insert into customer (customerid, name, email, contactnumber, address, membership, loyaltypoints) values (126, 'Cristie', 'cbeggin3h@goo.gl', '917 382 0805', 'PO Box 64559', 'Gold', 2794);
insert into customer (customerid, name, email, contactnumber, address, membership, loyaltypoints) values (127, 'Charmine', 'cmakin3i@ifeng.com', '813 470 9327', 'PO Box 7493', null, 938);
insert into customer (customerid, name, email, contactnumber, address, membership, loyaltypoints) values (128, 'Herc', 'hbeacom3j@wix.com', '415 713 1637', '8th Floor', 'Platinum', 8910);
insert into customer (customerid, name, email, contactnumber, address, membership, loyaltypoints) values (129, 'Grace', null, '815 931 1103', 'Suite 46', null, 9608);
insert into customer (customerid, name, email, contactnumber, address, membership, loyaltypoints) values (130, 'Janey', 'jgallifont3l@dmoz.org', '176 115 2814', 'PO Box 63205', 'Silver', 4240);
insert into customer (customerid, name, email, contactnumber, address, membership, loyaltypoints) values (131, 'Maire', 'mkilgrove3m@skype.com', '586 906 5297', 'Suite 51', null, 3938);
insert into customer (customerid, name, email, contactnumber, address, membership, loyaltypoints) values (132, 'Ezekiel', 'ekasbye3n@photobucket.com', '966 466 0067', '18th Floor', null, 5106);
insert into customer (customerid, name, email, contactnumber, address, membership, loyaltypoints) values (133, 'Heriberto', 'hjacob3o@infoseek.co.jp', '256 227 8347', 'Suite 99', null, 7464);
insert into customer (customerid, name, email, contactnumber, address, membership, loyaltypoints) values (134, 'Dasha', 'dbooeln3p@imdb.com', '354 801 0663', 'PO Box 95376', null, 4727);
insert into customer (customerid, name, email, contactnumber, address, membership, loyaltypoints) values (135, 'Kale', 'knaismith3q@typepad.com', '796 399 5729', '15th Floor', null, 1784);
insert into customer (customerid, name, email, contactnumber, address, membership, loyaltypoints) values (136, 'Kirstyn', 'ksweeten3r@nasa.gov', '948 869 2597', 'PO Box 51300', null, 339);
insert into customer (customerid, name, email, contactnumber, address, membership, loyaltypoints) values (137, 'Chucho', 'cbungey3s@lycos.com', '449 941 6026', 'Apt 754', 'Silver', 5057);
insert into customer (customerid, name, email, contactnumber, address, membership, loyaltypoints) values (138, 'Mufi', 'mongin3t@salon.com', '911 518 0704', 'Apt 35', 'Gold', 9564);
insert into customer (customerid, name, email, contactnumber, address, membership, loyaltypoints) values (139, 'Hillier', 'hphilbrick3u@engadget.com', '489 245 7701', 'PO Box 10573', null, 1817);
insert into customer (customerid, name, email, contactnumber, address, membership, loyaltypoints) values (140, 'Giuditta', 'gpetts3v@tumblr.com', '935 330 3229', 'PO Box 32594', 'Platinum', 2756);
insert into customer (customerid, name, email, contactnumber, address, membership, loyaltypoints) values (141, 'Cosetta', 'chuyche3w@businesswire.com', '469 997 7084', 'Room 437', 'Platinum', 5603);
insert into customer (customerid, name, email, contactnumber, address, membership, loyaltypoints) values (142, 'Nan', null, '422 990 2129', 'Room 663', null, 8461);
insert into customer (customerid, name, email, contactnumber, address, membership, loyaltypoints) values (143, 'Donnie', 'dfinby3y@elpais.com', '451 419 4786', '20th Floor', null, 3132);
insert into customer (customerid, name, email, contactnumber, address, membership, loyaltypoints) values (144, 'Odele', 'odolligon3z@unesco.org', '489 921 7375', 'Room 278', null, 4728);
insert into customer (customerid, name, email, contactnumber, address, membership, loyaltypoints) values (145, 'Tatum', 'tpeaden40@europa.eu', '320 428 1509', 'Apt 1820', 'Silver', 7955);
insert into customer (customerid, name, email, contactnumber, address, membership, loyaltypoints) values (146, 'Humfrey', 'henderby41@google.ru', '112 343 0250', 'Apt 1734', 'Gold', 824);
insert into customer (customerid, name, email, contactnumber, address, membership, loyaltypoints) values (147, 'Dorolice', null, '527 887 0389', 'Apt 1165', 'Platinum', 6694);
insert into customer (customerid, name, email, contactnumber, address, membership, loyaltypoints) values (148, 'Dode', 'dstackbridge43@sourceforge.net', '143 791 6524', '9th Floor', null, 4638);
insert into customer (customerid, name, email, contactnumber, address, membership, loyaltypoints) values (149, 'Raynard', 'rdevey44@ameblo.jp', '408 374 7595', 'Apt 1047', null, 1244);
insert into customer (customerid, name, email, contactnumber, address, membership, loyaltypoints) values (150, 'Mollie', 'mboner45@fotki.com', '747 328 1836', 'Room 685', 'Gold', 2990);
insert into customer (customerid, name, email, contactnumber, address, membership, loyaltypoints) values (151, 'Sylvia', 'sbrownett46@fastcompany.com', '390 603 9147', 'Room 851', 'Gold', 6593);
insert into customer (customerid, name, email, contactnumber, address, membership, loyaltypoints) values (152, 'Liane', 'lburtonwood47@psu.edu', '929 241 1538', 'Apt 1032', null, 5265);
insert into customer (customerid, name, email, contactnumber, address, membership, loyaltypoints) values (153, 'Nicola', 'nmore48@ftc.gov', '470 386 6641', '17th Floor', null, 3486);
insert into customer (customerid, name, email, contactnumber, address, membership, loyaltypoints) values (154, 'Harmony', 'htomkin49@unesco.org', '881 248 3739', 'Apt 1018', 'Silver', 1572);
insert into customer (customerid, name, email, contactnumber, address, membership, loyaltypoints) values (155, 'Glenn', 'geckels4a@php.net', '546 261 1539', 'PO Box 25248', null, 3818);
insert into customer (customerid, name, email, contactnumber, address, membership, loyaltypoints) values (156, 'Allix', null, '833 830 8036', 'Room 559', 'Silver', 7496);
insert into customer (customerid, name, email, contactnumber, address, membership, loyaltypoints) values (157, 'Hershel', 'hmarchington4c@abc.net.au', '801 940 9703', 'Apt 1878', 'Gold', 1296);
insert into customer (customerid, name, email, contactnumber, address, membership, loyaltypoints) values (158, 'Sol', null, '537 964 7229', '13th Floor', 'Silver', 509);
insert into customer (customerid, name, email, contactnumber, address, membership, loyaltypoints) values (159, 'Iggie', null, '217 150 0093', 'Suite 86', 'Silver', 2901);
insert into customer (customerid, name, email, contactnumber, address, membership, loyaltypoints) values (160, 'Benyamin', 'bchampe4f@etsy.com', '618 196 0985', 'Room 914', 'Platinum', 3128);
insert into customer (customerid, name, email, contactnumber, address, membership, loyaltypoints) values (161, 'Mandie', 'mlakin4g@scientificamerican.com', '227 769 3262', '17th Floor', 'Silver', 3981);
insert into customer (customerid, name, email, contactnumber, address, membership, loyaltypoints) values (162, 'Reggis', 'rcooke4h@reference.com', '739 884 5593', 'PO Box 62056', 'Silver', 3998);
insert into customer (customerid, name, email, contactnumber, address, membership, loyaltypoints) values (163, 'Hersch', 'hpriestnall4i@soup.io', '193 230 7883', 'PO Box 84922', 'Gold', 3642);
insert into customer (customerid, name, email, contactnumber, address, membership, loyaltypoints) values (164, 'Allianora', 'atanswell4j@tinyurl.com', '888 449 1351', 'Room 1104', 'Silver', 227);
insert into customer (customerid, name, email, contactnumber, address, membership, loyaltypoints) values (165, 'Audy', 'abusek4k@tripod.com', '770 150 0431', 'Apt 933', null, 8355);
insert into customer (customerid, name, email, contactnumber, address, membership, loyaltypoints) values (166, 'Clem', 'csailor4l@hc360.com', '451 296 5181', 'PO Box 78445', null, 6386);
insert into customer (customerid, name, email, contactnumber, address, membership, loyaltypoints) values (167, 'Godard', 'grountree4m@dropbox.com', '362 724 1599', 'Apt 240', null, 4934);
insert into customer (customerid, name, email, contactnumber, address, membership, loyaltypoints) values (168, 'Chad', 'cgeorgievski4n@intel.com', '959 261 3634', 'PO Box 71853', null, 9054);
insert into customer (customerid, name, email, contactnumber, address, membership, loyaltypoints) values (169, 'Martica', 'mspruce4o@e-recht24.de', '802 468 3921', '4th Floor', null, 8912);
insert into customer (customerid, name, email, contactnumber, address, membership, loyaltypoints) values (170, 'Eyde', null, '940 460 7853', 'Room 1145', null, 5441);
insert into customer (customerid, name, email, contactnumber, address, membership, loyaltypoints) values (171, 'Cobbie', 'cattenbarrow4q@is.gd', '141 152 7600', 'PO Box 55329', 'Silver', 9277);
insert into customer (customerid, name, email, contactnumber, address, membership, loyaltypoints) values (172, 'Jethro', 'jcoughan4r@huffingtonpost.com', '595 201 9826', 'Apt 329', null, 5161);
insert into customer (customerid, name, email, contactnumber, address, membership, loyaltypoints) values (173, 'Dominick', 'ddael4s@studiopress.com', '419 437 1686', 'Apt 1266', null, null);
insert into customer (customerid, name, email, contactnumber, address, membership, loyaltypoints) values (174, 'Charissa', 'cdownie4t@webs.com', '459 371 7587', 'Apt 1759', 'Platinum', 1241);
insert into customer (customerid, name, email, contactnumber, address, membership, loyaltypoints) values (175, 'Gelya', null, '354 448 4011', '1st Floor', null, 9736);
insert into employee (employeeid, name, email, contactnumber, salary) values (1, 'Ingaborg', 'isaldler0@washington.edu', '945 451 6531', 44142);
insert into employee (employeeid, name, email, contactnumber, salary) values (2, 'Vonni', 'vciccarello1@dailymotion.com', '736 689 7077', 56639);
insert into employee (employeeid, name, email, contactnumber, salary) values (3, 'Philip', 'pjestico2@nature.com', '903 200 4180', 29037);
insert into employee (employeeid, name, email, contactnumber, salary) values (4, 'Darci', 'dpattingson3@pcworld.com', '816 300 4577', 32813);
insert into employee (employeeid, name, email, contactnumber, salary) values (5, 'Caldwell', 'cpaulisch4@imgur.com', '252 553 3826', 66019);
insert into employee (employeeid, name, email, contactnumber, salary) values (6, 'Jody', 'jdibartolomeo5@dropbox.com', '852 552 1955', 29356);
insert into employee (employeeid, name, email, contactnumber, salary) values (7, 'Archie', 'awillmetts6@miibeian.gov.cn', '183 830 0783', 33099);
insert into employee (employeeid, name, email, contactnumber, salary) values (8, 'Erl', 'esterman7@linkedin.com', '836 424 0648', 70068);
insert into employee (employeeid, name, email, contactnumber, salary) values (9, 'Jerry', 'jtolomelli8@github.io', '989 950 9885', 39201);
insert into employee (employeeid, name, email, contactnumber, salary) values (10, 'Franz', 'fkinch9@bizjournals.com', '878 783 0127', 63556);
insert into employee (employeeid, name, email, contactnumber, salary) values (11, 'Wendie', 'wweskera@boston.com', '414 717 5501', 52848);
insert into employee (employeeid, name, email, contactnumber, salary) values (12, 'Quintus', 'qhucksterb@merriam-webster.com', '971 110 2293', 46964);
insert into employee (employeeid, name, email, contactnumber, salary) values (13, 'Kalindi', 'kdyballc@miitbeian.gov.cn', '865 741 5718', 66236);
insert into employee (employeeid, name, email, contactnumber, salary) values (14, 'Karlis', 'kyoudd@github.io', '266 493 1758', 35873);
insert into employee (employeeid, name, email, contactnumber, salary) values (15, 'Ingram', 'igiacubboe@msu.edu', '596 685 6758', 25621);
insert into employee (employeeid, name, email, contactnumber, salary) values (16, 'Ali', 'achewterf@linkedin.com', '832 542 6865', 45632);
insert into employee (employeeid, name, email, contactnumber, salary) values (17, 'Ibrahim', 'iduligallg@foxnews.com', '978 605 3547', 67307);
insert into employee (employeeid, name, email, contactnumber, salary) values (18, 'Faun', 'flongstreeth@cornell.edu', '240 737 6800', 42589);
insert into employee (employeeid, name, email, contactnumber, salary) values (19, 'Isa', 'irostroni@illinois.edu', '943 209 0317', 68709);
insert into employee (employeeid, name, email, contactnumber, salary) values (20, 'Jaynell', 'jslefordj@yahoo.com', '569 137 1475', 44068);
insert into employee (employeeid, name, email, contactnumber, salary) values (21, 'Leonerd', 'lmertink@samsung.com', '329 205 8722', 43045);
insert into employee (employeeid, name, email, contactnumber, salary) values (22, 'Omar', 'ovasyutochkinl@cocolog-nifty.com', '672 999 3672', 46598);
insert into employee (employeeid, name, email, contactnumber, salary) values (23, 'Carline', 'cantonognolim@unicef.org', '474 160 7871', 48713);
insert into employee (employeeid, name, email, contactnumber, salary) values (24, 'Maison', 'mtusonn@mysql.com', '568 676 9488', 70433);
insert into employee (employeeid, name, email, contactnumber, salary) values (25, 'Myca', 'mgabeyo@123-reg.co.uk', '157 499 9654', 36055);
insert into employee (employeeid, name, email, contactnumber, salary) values (26, 'Selia', 'soughtrightp@twitpic.com', '187 116 6743', 70194);
insert into employee (employeeid, name, email, contactnumber, salary) values (27, 'Rinaldo', 'rdellerq@nps.gov', '559 666 3581', 68011);
insert into employee (employeeid, name, email, contactnumber, salary) values (28, 'Callean', 'crosr@google.ru', '210 965 1143', 33416);
insert into employee (employeeid, name, email, contactnumber, salary) values (29, 'Kimberly', 'kredfearns@pbs.org', '430 453 7836', 46936);
insert into employee (employeeid, name, email, contactnumber, salary) values (30, 'Renard', 'rmckiernant@behance.net', '437 390 3609', 72530);
insert into employee (employeeid, name, email, contactnumber, salary) values (31, 'Nolie', 'nduxburyu@gov.uk', '659 610 9668', 35951);
insert into employee (employeeid, name, email, contactnumber, salary) values (32, 'Ripley', 'rgittingv@ehow.com', '732 657 4080', 45428);
insert into employee (employeeid, name, email, contactnumber, salary) values (33, 'Horacio', 'hmaccafferkyw@sfgate.com', '167 579 7247', 43700);
insert into employee (employeeid, name, email, contactnumber, salary) values (34, 'Sisely', 'sfudgerx@fc2.com', '902 750 4444', 41034);
insert into employee (employeeid, name, email, contactnumber, salary) values (35, 'Daloris', 'dscholeyy@omniture.com', '814 259 4488', 71566);
insert into employee (employeeid, name, email, contactnumber, salary) values (36, 'Barris', 'btomleyz@redcross.org', '107 755 8424', 28910);
insert into employee (employeeid, name, email, contactnumber, salary) values (37, 'Carri', 'cmatchitt10@msn.com', '333 651 2393', 53860);
insert into employee (employeeid, name, email, contactnumber, salary) values (38, 'Frederique', 'fmilella11@weebly.com', '669 731 6903', 39295);
insert into employee (employeeid, name, email, contactnumber, salary) values (39, 'Marin', 'mlearmonth12@mozilla.com', '156 567 6317', 47096);
insert into employee (employeeid, name, email, contactnumber, salary) values (40, 'Ralina', 'roshesnan13@washingtonpost.com', '769 268 9530', 59783);
insert into employee (employeeid, name, email, contactnumber, salary) values (41, 'Woodie', 'wfindlow14@networksolutions.com', '588 970 0535', 32529);
insert into employee (employeeid, name, email, contactnumber, salary) values (42, 'Willie', 'wruslin15@senate.gov', '495 282 0461', 41545);
insert into employee (employeeid, name, email, contactnumber, salary) values (43, 'Berkly', 'bwey16@patch.com', '798 194 1314', 41969);
insert into employee (employeeid, name, email, contactnumber, salary) values (44, 'Allx', 'amealand17@soundcloud.com', '435 538 1559', 54885);
insert into employee (employeeid, name, email, contactnumber, salary) values (45, 'Gerti', 'gdalyell18@woothemes.com', '342 797 1395', 58960);
insert into employee (employeeid, name, email, contactnumber, salary) values (46, 'Currey', 'cphilcott19@wired.com', '980 652 3663', 36761);
insert into employee (employeeid, name, email, contactnumber, salary) values (47, 'Corie', 'chardage1a@networkadvertising.org', '684 706 6179', 69613);
insert into employee (employeeid, name, email, contactnumber, salary) values (48, 'Raimondo', 'rclear1b@amazon.de', '998 150 6388', 44351);
insert into employee (employeeid, name, email, contactnumber, salary) values (49, 'Lian', 'lmunnion1c@example.com', '241 609 7079', 47140);
insert into employee (employeeid, name, email, contactnumber, salary) values (50, 'Joaquin', 'joverpool1d@google.de', '481 124 6902', 52710);
insert into category (categoryid, name, Description) values (1, 'Monitors', 'Adidas jacket');
insert into category (categoryid, name, Description) values (2, 'Sunglasses', 'Adidas jacket');
insert into category (categoryid, name, Description) values (3, 'T-shirt', 'Adidas jacket');
insert into category (categoryid, name, Description) values (4, 'Sunglasses', 'Adidas jacket');
insert into category (categoryid, name, Description) values (5, 'Grocery', 'Apple iPhone');
insert into category (categoryid, name, Description) values (6, 'Monitors', 'Adidas jacket');
insert into category (categoryid, name, Description) values (7, 'Sneakers', 'Adidas jacket');
insert into category (categoryid, name, Description) values (8, 'Grocery', 'Samsung TV');
insert into category (categoryid, name, Description) values (9, 'Sunglasses', 'Adidas jacket');
insert into category (categoryid, name, Description) values (10, 'Backpack', 'Samsung TV');
insert into category (categoryid, name, Description) values (11, 'Boots', 'Sony headphones');
insert into category (categoryid, name, Description) values (12, 'Jacket', 'Nike shoes');
insert into category (categoryid, name, Description) values (13, 'Computers', 'Adidas jacket');
insert into category (categoryid, name, Description) values (14, 'Dress', 'Apple iPhone');
insert into category (categoryid, name, Description) values (15, 'Backpack', 'Nike shoes');
insert into category (categoryid, name, Description) values (16, 'Backpack', 'Apple iPhone');
insert into category (categoryid, name, Description) values (17, 'Hat', 'Apple iPhone');
insert into category (categoryid, name, Description) values (18, 'Hat', 'Nike shoes');
insert into category (categoryid, name, Description) values (19, 'Monitors', 'Nike shoes');
insert into category (categoryid, name, Description) values (20, 'Watch', 'Adidas jacket');
insert into category (categoryid, name, Description) values (21, 'Watch', 'Apple iPhone');
insert into category (categoryid, name, Description) values (22, 'Backpack', 'Nike shoes');
insert into category (categoryid, name, Description) values (23, 'Jeans', 'Adidas jacket');
insert into category (categoryid, name, Description) values (24, 'Monitors', 'Sony headphones');
insert into category (categoryid, name, Description) values (25, 'Dress', 'Adidas jacket');
insert into category (categoryid, name, Description) values (26, 'Jacket', 'Nike shoes');
insert into category (categoryid, name, Description) values (27, 'Backpack', 'Samsung TV');
insert into category (categoryid, name, Description) values (28, 'Monitors', 'Sony headphones');
insert into category (categoryid, name, Description) values (29, 'Computers', 'Samsung TV');
insert into category (categoryid, name, Description) values (30, 'Sunglasses', 'Adidas jacket');
insert into category (categoryid, name, Description) values (31, 'Jacket', 'Sony headphones');
insert into category (categoryid, name, Description) values (32, 'Backpack', 'Sony headphones');
insert into category (categoryid, name, Description) values (33, 'Sunglasses', 'Apple iPhone');
insert into category (categoryid, name, Description) values (34, 'Boots', 'Adidas jacket');
insert into category (categoryid, name, Description) values (35, 'Sneakers', 'Adidas jacket');
insert into category (categoryid, name, Description) values (36, 'Monitors', 'Apple iPhone');
insert into category (categoryid, name, Description) values (37, 'Sunglasses', 'Adidas jacket');
insert into category (categoryid, name, Description) values (38, 'Smartphones', 'Apple iPhone');
insert into category (categoryid, name, Description) values (39, 'Jeans', 'Adidas jacket');
insert into category (categoryid, name, Description) values (40, 'Hat', 'Nike shoes');
insert into category (categoryid, name, Description) values (41, 'Computers', 'Samsung TV');
insert into category (categoryid, name, Description) values (42, 'Laptop', 'Nike shoes');
insert into category (categoryid, name, Description) values (43, 'Laptop', 'Apple iPhone');
insert into category (categoryid, name, Description) values (44, 'Jeans', 'Nike shoes');
insert into category (categoryid, name, Description) values (45, 'Computers', 'Sony headphones');
insert into category (categoryid, name, Description) values (46, 'Sneakers', 'Sony headphones');
insert into category (categoryid, name, Description) values (47, 'Computers', 'Nike shoes');
insert into category (categoryid, name, Description) values (48, 'Watch', 'Apple iPhone');
insert into category (categoryid, name, Description) values (49, 'Monitors', 'Samsung TV');
insert into category (categoryid, name, Description) values (50, 'Grocery', 'Sony headphones');
insert into supplier (supplierid, name, contactnumber, email, address) values (1, 'Quinu', '470 388 5707', 'bmoxted0@ucoz.com', '8580 Butternut Point');
insert into supplier (supplierid, name, contactnumber, email, address) values (2, 'Youopia', '282 290 1004', 'adibiaggi1@mapquest.com', '2715 Fair Oaks Circle');
insert into supplier (supplierid, name, contactnumber, email, address) values (3, 'Abatz', '901 705 0201', 'rnyland2@smugmug.com', '895 Lyons Drive');
insert into supplier (supplierid, name, contactnumber, email, address) values (4, 'Blognation', '454 616 1340', 'sbaggelley3@thetimes.co.uk', '2 Bunker Hill Drive');
insert into supplier (supplierid, name, contactnumber, email, address) values (5, 'Fivespan', '138 493 1130', 'ebuard4@cmu.edu', '53 Dottie Parkway');
insert into supplier (supplierid, name, contactnumber, email, address) values (6, 'Jetwire', '212 963 7109', 'nhorche5@prnewswire.com', '58 Acker Alley');
insert into supplier (supplierid, name, contactnumber, email, address) values (7, 'Gigabox', '773 788 4841', 'lbellino6@macromedia.com', '619 Independence Way');
insert into supplier (supplierid, name, contactnumber, email, address) values (8, 'Youbridge', '956 288 4820', 'iloud7@jiathis.com', '2 4th Avenue');
insert into supplier (supplierid, name, contactnumber, email, address) values (9, 'Minyx', '874 914 8373', 'sdawbury8@google.com.hk', '76 Del Mar Street');
insert into supplier (supplierid, name, contactnumber, email, address) values (10, 'Zoozzy', '617 178 1221', 'cstimpson9@exblog.jp', '6 Scoville Crossing');
insert into supplier (supplierid, name, contactnumber, email, address) values (11, 'Dazzlesphere', '149 312 4966', 'nbetuna@salon.com', '11 Barnett Avenue');
insert into supplier (supplierid, name, contactnumber, email, address) values (12, 'Twiyo', '916 156 8360', 'lbeloneb@cocolog-nifty.com', '19 Morningstar Pass');
insert into supplier (supplierid, name, contactnumber, email, address) values (13, 'Voonyx', '523 695 8763', 'bebbittc@mysql.com', '97 Monument Alley');
insert into supplier (supplierid, name, contactnumber, email, address) values (14, 'Miboo', '967 382 4539', 'soliverasd@alibaba.com', '5313 Sunnyside Junction');
insert into supplier (supplierid, name, contactnumber, email, address) values (15, 'Kazu', '941 695 3354', 'dsteine@dion.ne.jp', '89 Surrey Way');
insert into supplier (supplierid, name, contactnumber, email, address) values (16, 'Yodel', '158 816 0146', 'epeterkenf@hhs.gov', '14 Warrior Pass');
insert into supplier (supplierid, name, contactnumber, email, address) values (17, 'Skiptube', '266 836 6424', 'mbeslierg@eepurl.com', '5379 Vernon Center');
insert into supplier (supplierid, name, contactnumber, email, address) values (18, 'Trudoo', '950 268 1485', 'cdrinkhallh@vinaora.com', '5 Luster Point');
insert into supplier (supplierid, name, contactnumber, email, address) values (19, 'LiveZ', '553 502 0412', 'skenwayi@miitbeian.gov.cn', '7 Moose Hill');
insert into supplier (supplierid, name, contactnumber, email, address) values (20, 'Edgetag', '308 119 9812', 'rcheeversj@yellowpages.com', '3003 Kedzie Court');
insert into supplier (supplierid, name, contactnumber, email, address) values (21, 'Gigabox', '218 500 6563', 'jtandyk@nydailynews.com', '90484 John Wall Circle');
insert into supplier (supplierid, name, contactnumber, email, address) values (22, 'Shufflester', '936 237 6582', 'cpithcockl@discuz.net', '9 Nevada Crossing');
insert into supplier (supplierid, name, contactnumber, email, address) values (23, 'Skiptube', '332 174 4564', 'kcadremanm@barnesandnoble.com', '718 Ridgeway Parkway');
insert into supplier (supplierid, name, contactnumber, email, address) values (24, 'Skiba', '180 218 8294', 'hlaurencen@dell.com', '42693 Kedzie Place');
insert into supplier (supplierid, name, contactnumber, email, address) values (25, 'Flipopia', '316 471 2776', 'wdeero@gmpg.org', '5 Bashford Street');
insert into supplier (supplierid, name, contactnumber, email, address) values (26, 'Eabox', '267 444 3361', 'ddamperp@zdnet.com', '40355 Lake View Road');
insert into supplier (supplierid, name, contactnumber, email, address) values (27, 'Gabtype', '105 133 7346', 'plingleyq@nature.com', '1 Del Mar Point');
insert into supplier (supplierid, name, contactnumber, email, address) values (28, 'Gevee', '119 965 4067', 'pfortounr@baidu.com', '9 Sunnyside Court');
insert into supplier (supplierid, name, contactnumber, email, address) values (29, 'Plambee', '517 775 8951', 'jpadghams@globo.com', '731 Petterle Drive');
insert into supplier (supplierid, name, contactnumber, email, address) values (30, 'Blognation', '214 861 9974', 'ggoleyt@oakley.com', '42518 Almo Point');
insert into supplier (supplierid, name, contactnumber, email, address) values (31, 'Photolist', '487 361 0741', 'dkynndu@instagram.com', '029 Norway Maple Crossing');
insert into supplier (supplierid, name, contactnumber, email, address) values (32, 'Voolia', '341 808 3233', 'ipatsallv@reference.com', '5965 Riverside Center');
insert into supplier (supplierid, name, contactnumber, email, address) values (33, 'Tagpad', '410 820 0225', 'lbrockettw@tiny.cc', '37440 Dunning Terrace');
insert into supplier (supplierid, name, contactnumber, email, address) values (34, 'Shuffledrive', '123 941 2971', 'lgreatbankx@ycombinator.com', '3559 Vahlen Avenue');
insert into supplier (supplierid, name, contactnumber, email, address) values (35, 'Wikido', '219 736 6207', 'klandegy@ifeng.com', '62224 Morrow Way');
insert into supplier (supplierid, name, contactnumber, email, address) values (36, 'Eazzy', '358 559 8863', 'eevensz@sourceforge.net', '167 Morrow Center');
insert into supplier (supplierid, name, contactnumber, email, address) values (37, 'Topicware', '202 161 5451', 'gedsell10@ycombinator.com', '6468 Tomscot Trail');
insert into supplier (supplierid, name, contactnumber, email, address) values (38, 'Vinder', '112 984 1433', 'gmatlock11@prlog.org', '008 Hermina Junction');
insert into supplier (supplierid, name, contactnumber, email, address) values (39, 'Geba', '496 856 4576', 'mpfaff12@fema.gov', '52 Vernon Plaza');
insert into supplier (supplierid, name, contactnumber, email, address) values (40, 'Brightdog', '145 426 1319', 'sbruty13@google.pl', '964 Golf Court');
insert into supplier (supplierid, name, contactnumber, email, address) values (41, 'Blogtag', '132 522 5400', 'kshelmardine14@china.com.cn', '892 Garrison Park');
insert into supplier (supplierid, name, contactnumber, email, address) values (42, 'Topiczoom', '792 341 9621', 'cschorah15@psu.edu', '22 Glendale Way');
insert into supplier (supplierid, name, contactnumber, email, address) values (43, 'Skyble', '500 325 2755', 'rnorrie16@si.edu', '3717 Bunker Hill Terrace');
insert into supplier (supplierid, name, contactnumber, email, address) values (44, 'Realpoint', '301 745 5475', 'lburchett17@dailymotion.com', '06 Cordelia Street');
insert into supplier (supplierid, name, contactnumber, email, address) values (45, 'Dabtype', '880 956 9177', 'flummus18@cnn.com', '7 Clyde Gallagher Park');
insert into supplier (supplierid, name, contactnumber, email, address) values (46, 'Topdrive', '922 816 2969', 'dbernhard19@linkedin.com', '9 Kensington Road');
insert into supplier (supplierid, name, contactnumber, email, address) values (47, 'Vidoo', '907 127 3728', 'mbradnick1a@oakley.com', '5 Manitowish Terrace');
insert into supplier (supplierid, name, contactnumber, email, address) values (48, 'Kaymbo', '254 879 3238', 'nskepper1b@yahoo.com', '4 Prentice Court');
insert into supplier (supplierid, name, contactnumber, email, address) values (49, 'Centizu', '778 190 9174', 'hcathenod1c@gizmodo.com', '797 Shelley Court');
insert into supplier (supplierid, name, contactnumber, email, address) values (50, 'JumpXS', '349 774 2330', 'cpaulig1d@ifeng.com', '617 Old Shore Way');
insert into vendor (vendorid, name, contactnumber, email, address) values (1, 'Tazzy', '686 358 7767', 'sludovici0@delicious.com', '46 Morning Pass');
insert into vendor (vendorid, name, contactnumber, email, address) values (2, 'Livetube', '309 266 9014', 'jgeorges1@mapy.cz', '28 Manufacturers Place');
insert into vendor (vendorid, name, contactnumber, email, address) values (3, 'Twitterbeat', '910 984 7738', 'ehush2@mail.ru', '82588 Waxwing Circle');
insert into vendor (vendorid, name, contactnumber, email, address) values (4, 'Mudo', '874 821 1071', 'hgasperi3@hatena.ne.jp', '8761 Loeprich Park');
insert into vendor (vendorid, name, contactnumber, email, address) values (5, 'Reallinks', '676 274 8987', 'ghibling4@businessweek.com', '5251 International Way');
insert into vendor (vendorid, name, contactnumber, email, address) values (6, 'Rhyzio', '354 980 6829', 'vbennetto5@parallels.com', '83 Pierstorff Drive');
insert into vendor (vendorid, name, contactnumber, email, address) values (7, 'Devshare', '276 770 9918', 'stelling6@google.it', '42 International Way');
insert into vendor (vendorid, name, contactnumber, email, address) values (8, 'Skinder', '541 243 3480', 'eedards7@house.gov', '5255 Prentice Junction');
insert into vendor (vendorid, name, contactnumber, email, address) values (9, 'Meeveo', '945 481 8165', 'mbownd8@gmpg.org', '64 Walton Point');
insert into vendor (vendorid, name, contactnumber, email, address) values (10, 'Edgepulse', '751 527 5989', 'tgotter9@economist.com', '69 Bunting Point');
insert into vendor (vendorid, name, contactnumber, email, address) values (11, 'Innotype', '108 271 3734', 'khannaya@guardian.co.uk', '696 Homewood Center');
insert into vendor (vendorid, name, contactnumber, email, address) values (12, 'Oyoba', '561 818 8757', 'ebiaggiolib@google.com.au', '40181 Stoughton Alley');
insert into vendor (vendorid, name, contactnumber, email, address) values (13, 'Dynazzy', '333 966 9887', 'jwatersonc@trellian.com', '8666 Straubel Avenue');
insert into vendor (vendorid, name, contactnumber, email, address) values (14, 'Skibox', '306 535 1314', 'rsneppd@springer.com', '368 Shopko Street');
insert into vendor (vendorid, name, contactnumber, email, address) values (15, 'Riffpath', '719 706 3238', 'cstorckee@cornell.edu', '19 Hollow Ridge Parkway');
insert into vendor (vendorid, name, contactnumber, email, address) values (16, 'Demimbu', '240 455 1670', 'jmiallf@sohu.com', '89161 Leroy Parkway');
insert into vendor (vendorid, name, contactnumber, email, address) values (17, 'Jabberbean', '945 857 2781', 'javramovichg@icq.com', '56869 Rieder Drive');
insert into vendor (vendorid, name, contactnumber, email, address) values (18, 'Avamba', '589 966 6368', 'avanellih@1688.com', '3 Elmside Place');
insert into vendor (vendorid, name, contactnumber, email, address) values (19, 'Trudoo', '995 193 1263', 'vpenhalei@theguardian.com', '549 Summer Ridge Terrace');
insert into vendor (vendorid, name, contactnumber, email, address) values (20, 'Gabspot', '616 919 5709', 'rbrookej@cam.ac.uk', '69675 Arkansas Trail');
insert into vendor (vendorid, name, contactnumber, email, address) values (21, 'Wordtune', '666 850 7802', 'mreadwink@xinhuanet.com', '0526 Pleasure Center');
insert into vendor (vendorid, name, contactnumber, email, address) values (22, 'Linktype', '350 280 5381', 'hpitbladol@omniture.com', '2227 Warner Hill');
insert into vendor (vendorid, name, contactnumber, email, address) values (23, 'Agivu', '107 476 8845', 'sbrearm@cisco.com', '577 Trailsway Crossing');
insert into vendor (vendorid, name, contactnumber, email, address) values (24, 'Jaxspan', '320 577 3452', 'flamminn@arizona.edu', '60372 Superior Point');
insert into vendor (vendorid, name, contactnumber, email, address) values (25, 'Twitterlist', '715 175 1026', 'gcrosscombeo@usnews.com', '8542 Carioca Place');
insert into vendor (vendorid, name, contactnumber, email, address) values (26, 'Pixope', '202 997 9990', 'vweinbergp@unesco.org', '0 Kennedy Plaza');
insert into vendor (vendorid, name, contactnumber, email, address) values (27, 'Flashpoint', '232 761 3811', 'fbolensq@prlog.org', '3701 Coolidge Avenue');
insert into vendor (vendorid, name, contactnumber, email, address) values (28, 'Jabberbean', '256 299 9674', 'acartmellr@topsy.com', '96866 Evergreen Pass');
insert into vendor (vendorid, name, contactnumber, email, address) values (29, 'Yakitri', '741 144 4777', 'alocheads@epa.gov', '28803 Clemons Trail');
insert into vendor (vendorid, name, contactnumber, email, address) values (30, 'Tagtune', '397 963 1246', 'rlongfieldt@ted.com', '14 Eggendart Court');
insert into vendor (vendorid, name, contactnumber, email, address) values (31, 'Jabbertype', '695 265 4923', 'pjurcziku@github.com', '1762 Ludington Circle');
insert into vendor (vendorid, name, contactnumber, email, address) values (32, 'Kwinu', '656 740 0485', 'lharsv@about.me', '53776 Eggendart Junction');
insert into vendor (vendorid, name, contactnumber, email, address) values (33, 'Skimia', '673 703 0559', 'gkitcherw@ask.com', '0 Calypso Street');
insert into vendor (vendorid, name, contactnumber, email, address) values (34, 'Yadel', '890 494 4704', 'rfrudex@illinois.edu', '2440 Everett Avenue');
insert into vendor (vendorid, name, contactnumber, email, address) values (35, 'Realbridge', '707 983 5378', 'kkebbelly@seesaa.net', '62 Paget Circle');
insert into vendor (vendorid, name, contactnumber, email, address) values (36, 'Bubblemix', '757 995 6303', 'cfliegz@biglobe.ne.jp', '0654 Erie Drive');
insert into vendor (vendorid, name, contactnumber, email, address) values (37, 'Tagcat', '848 613 0791', 'btilte10@feedburner.com', '5 Killdeer Terrace');
insert into vendor (vendorid, name, contactnumber, email, address) values (38, 'Buzzster', '182 742 1469', 'kwebster11@weibo.com', '3901 Del Sol Road');
insert into vendor (vendorid, name, contactnumber, email, address) values (39, 'Topicblab', '699 111 4079', 'dsommerled12@oaic.gov.au', '61544 Glendale Drive');
insert into vendor (vendorid, name, contactnumber, email, address) values (40, 'Realmix', '716 445 3087', 'ttilt13@nps.gov', '312 Gina Pass');
insert into vendor (vendorid, name, contactnumber, email, address) values (41, 'Dabvine', '915 482 1516', 'ebuckbee14@huffingtonpost.com', '0 Shopko Center');
insert into vendor (vendorid, name, contactnumber, email, address) values (42, 'Topicblab', '419 965 2360', 'ctomkowicz15@tinyurl.com', '7470 Blue Bill Park Park');
insert into vendor (vendorid, name, contactnumber, email, address) values (43, 'Zoomdog', '972 452 0520', 'bgrinley16@sourceforge.net', '27619 Charing Cross Circle');
insert into vendor (vendorid, name, contactnumber, email, address) values (44, 'Dazzlesphere', '299 104 5855', 'bmcelwee17@dailymail.co.uk', '91 Fisk Alley');
insert into vendor (vendorid, name, contactnumber, email, address) values (45, 'Eire', '668 239 8309', 'ctrowl18@ifeng.com', '10 Monterey Crossing');
insert into vendor (vendorid, name, contactnumber, email, address) values (46, 'Livefish', '782 502 9916', 'enadin19@home.pl', '5565 Bunting Road');
insert into vendor (vendorid, name, contactnumber, email, address) values (47, 'Feedmix', '223 923 3813', 'dmacrae1a@google.it', '32782 Maple Wood Terrace');
insert into vendor (vendorid, name, contactnumber, email, address) values (48, 'Wikivu', '442 969 5452', 'areck1b@unesco.org', '41 Golf View Parkway');
insert into vendor (vendorid, name, contactnumber, email, address) values (49, 'Blogpad', '317 308 2292', 'rjanes1c@wsj.com', '48568 Buell Street');
insert into vendor (vendorid, name, contactnumber, email, address) values (50, 'Agivu', '397 543 4031', 'mgouth1d@nba.com', '1 Waywood Pass');
insert into product (productid, name, description, price, stockquantity, expirydate, reorderlevel, categoryid, supplierid) values (1, 'PowerBlaster', 'Affordable option for everyday use', 431914, 62956, '2024-07-11', 2803, 41, 42);
insert into product (productid, name, description, price, stockquantity, expirydate, reorderlevel, categoryid, supplierid) values (2, 'Notebooks', 'High-quality product with durable materials', 301326, 19265, '2024-06-24', 1548, 42, 48);
insert into product (productid, name, description, price, stockquantity, expirydate, reorderlevel, categoryid, supplierid) values (3, 'PowerBlaster', 'High-quality product with durable materials', 513584, 35185, '2024-08-09', 1, 24, 20);
insert into product (productid, name, description, price, stockquantity, expirydate, reorderlevel, categoryid, supplierid) values (4, 'Samsung Smartphone', 'Luxurious product with premium finishes', 277560, 90823, '2024-09-29', 1791, 3, 26);
insert into product (productid, name, description, price, stockquantity, expirydate, reorderlevel, categoryid, supplierid) values (5, 'Notebooks', 'High-quality product with durable materials', 124255, 27739, '2025-02-04', 2230, 25, 45);
insert into product (productid, name, description, price, stockquantity, expirydate, reorderlevel, categoryid, supplierid) values (6, 'Samsung Smartphone', 'Sleek design with modern features', 820942, 22570, '2024-09-06', 5352, 31, 47);
insert into product (productid, name, description, price, stockquantity, expirydate, reorderlevel, categoryid, supplierid) values (7, 'TechMaster', 'Luxurious product with premium finishes', 782070, 31208, '2024-12-02', 6920, 34, 8);
insert into product (productid, name, description, price, stockquantity, expirydate, reorderlevel, categoryid, supplierid) values (8, 'PowerBlaster', 'High-quality product with durable materials', 469758, 43085, '2024-05-30', 3177, 17, 40);
insert into product (productid, name, description, price, stockquantity, expirydate, reorderlevel, categoryid, supplierid) values (9, 'UltraThing', 'High-quality product with durable materials', 631474, 15884, '2024-10-10', 2649, 33, 4);
insert into product (productid, name, description, price, stockquantity, expirydate, reorderlevel, categoryid, supplierid) values (10, 'SuperWidget', 'High-quality product with durable materials', 964495, 32367, '2024-10-09', 9995, 42, 32);
insert into product (productid, name, description, price, stockquantity, expirydate, reorderlevel, categoryid, supplierid) values (11, 'Pens', 'Luxurious product with premium finishes', 612710, 59007, '2024-12-18', 2132, 46, 19);
insert into product (productid, name, description, price, stockquantity, expirydate, reorderlevel, categoryid, supplierid) values (12, 'UltraThing', 'High-quality product with durable materials', 103394, 77313, '2024-07-11', 9694, 31, 17);
insert into product (productid, name, description, price, stockquantity, expirydate, reorderlevel, categoryid, supplierid) values (13, 'MegaGizmo', 'Affordable option for everyday use', 940799, 6653, '2024-04-08', 924, 18, 18);
insert into product (productid, name, description, price, stockquantity, expirydate, reorderlevel, categoryid, supplierid) values (14, 'Apple Macbook', 'Sleek design with modern features', 169562, 4523, '2024-05-17', 4753, 39, 47);
insert into product (productid, name, description, price, stockquantity, expirydate, reorderlevel, categoryid, supplierid) values (15, 'TechMaster', 'Luxurious product with premium finishes', 129115, 1589, '2024-03-21', 3471, 1, 13);
insert into product (productid, name, description, price, stockquantity, expirydate, reorderlevel, categoryid, supplierid) values (16, 'Pens', 'Sleek design with modern features', 988619, 69164, '2024-12-09', 8749, 17, 28);
insert into product (productid, name, description, price, stockquantity, expirydate, reorderlevel, categoryid, supplierid) values (17, 'TechMaster', 'High-quality product with durable materials', 854673, 27215, '2024-06-11', 8521, 1, 49);
insert into product (productid, name, description, price, stockquantity, expirydate, reorderlevel, categoryid, supplierid) values (18, 'TechMaster', 'Affordable option for everyday use', 99089, 4292, '2024-11-20', 3938, 15, 19);
insert into product (productid, name, description, price, stockquantity, expirydate, reorderlevel, categoryid, supplierid) values (19, 'Notebooks', 'Affordable option for everyday use', 806623, 20761, '2024-08-11', 1609, 1, 32);
insert into product (productid, name, description, price, stockquantity, expirydate, reorderlevel, categoryid, supplierid) values (20, 'UltraThing', 'Sleek design with modern features', 632614, 62328, '2024-07-26', 1971, 21, 29);
insert into product (productid, name, description, price, stockquantity, expirydate, reorderlevel, categoryid, supplierid) values (21, 'Notebooks', 'Sleek design with modern features', 191132, 16823, '2024-10-05', 1165, 36, 28);
insert into product (productid, name, description, price, stockquantity, expirydate, reorderlevel, categoryid, supplierid) values (22, 'Pens', 'Sleek design with modern features', 184790, 11493, '2024-12-21', 6639, 18, 30);
insert into product (productid, name, description, price, stockquantity, expirydate, reorderlevel, categoryid, supplierid) values (23, 'UltraThing', 'High-quality product with durable materials', 881154, 25625, '2025-01-22', 6639, 12, 28);
insert into product (productid, name, description, price, stockquantity, expirydate, reorderlevel, categoryid, supplierid) values (24, 'Pens', 'Sleek design with modern features', 91576, 7049, '2024-02-19', 1963, 42, 28);
insert into product (productid, name, description, price, stockquantity, expirydate, reorderlevel, categoryid, supplierid) values (25, 'Notebooks', 'Sleek design with modern features', 170062, 29780, '2024-08-11', 96, 32, 34);
insert into product (productid, name, description, price, stockquantity, expirydate, reorderlevel, categoryid, supplierid) values (26, 'TechMaster', 'Luxurious product with premium finishes', 54609, 52824, '2024-12-16', 143, 46, 21);
insert into product (productid, name, description, price, stockquantity, expirydate, reorderlevel, categoryid, supplierid) values (27, 'UltraThing', 'Luxurious product with premium finishes', 277692, 97287, '2024-10-06', 6957, 10, 25);
insert into product (productid, name, description, price, stockquantity, expirydate, reorderlevel, categoryid, supplierid) values (28, 'Notebooks', 'Sleek design with modern features', 92704, 40492, '2024-03-26', 8130, 23, 39);
insert into product (productid, name, description, price, stockquantity, expirydate, reorderlevel, categoryid, supplierid) values (29, 'MegaGizmo', 'High-quality product with durable materials', 783281, 96166, '2024-07-27', 2769, 23, 21);
insert into product (productid, name, description, price, stockquantity, expirydate, reorderlevel, categoryid, supplierid) values (30, 'Notebooks', 'High-quality product with durable materials', 234572, 72770, '2024-12-22', 2330, 30, 49);
insert into product (productid, name, description, price, stockquantity, expirydate, reorderlevel, categoryid, supplierid) values (31, 'UltraThing', 'Sleek design with modern features', 874742, 16836, '2024-05-09', 8849, 8, 36);
insert into product (productid, name, description, price, stockquantity, expirydate, reorderlevel, categoryid, supplierid) values (32, 'SuperWidget', 'Luxurious product with premium finishes', 475093, 31168, '2024-06-25', 3079, 39, 30);
insert into product (productid, name, description, price, stockquantity, expirydate, reorderlevel, categoryid, supplierid) values (33, 'PowerBlaster', 'Affordable option for everyday use', 519145, 73822, '2024-05-16', 7655, 34, 12);
insert into product (productid, name, description, price, stockquantity, expirydate, reorderlevel, categoryid, supplierid) values (34, 'Samsung Smartphone', 'Affordable option for everyday use', 414504, 34097, '2024-12-22', 3775, 38, 16);
insert into product (productid, name, description, price, stockquantity, expirydate, reorderlevel, categoryid, supplierid) values (35, 'Pens', 'Affordable option for everyday use', 966657, 1527, '2024-12-22', 280, 32, 44);
insert into product (productid, name, description, price, stockquantity, expirydate, reorderlevel, categoryid, supplierid) values (36, 'SuperWidget', 'Sleek design with modern features', 990188, 21084, '2024-06-04', 8614, 11, 48);
insert into product (productid, name, description, price, stockquantity, expirydate, reorderlevel, categoryid, supplierid) values (37, 'UltraThing', 'Luxurious product with premium finishes', 584457, 66008, '2024-04-02', 850, 42, 3);
insert into product (productid, name, description, price, stockquantity, expirydate, reorderlevel, categoryid, supplierid) values (38, 'TechMaster', 'Affordable option for everyday use', 513480, 21135, '2024-06-05', 7601, 20, 13);
insert into product (productid, name, description, price, stockquantity, expirydate, reorderlevel, categoryid, supplierid) values (39, 'TechMaster', 'High-quality product with durable materials', 268334, 59821, '2024-11-19', 234, 44, 41);
insert into product (productid, name, description, price, stockquantity, expirydate, reorderlevel, categoryid, supplierid) values (40, 'UltraThing', 'Luxurious product with premium finishes', 381441, 12917, '2024-03-15', 4224, 10, 5);
insert into product (productid, name, description, price, stockquantity, expirydate, reorderlevel, categoryid, supplierid) values (41, 'Pens', 'Luxurious product with premium finishes', 552057, 12716, '2024-03-12', 5343, 46, 28);
insert into product (productid, name, description, price, stockquantity, expirydate, reorderlevel, categoryid, supplierid) values (42, 'TechMaster', 'High-quality product with durable materials', 917116, 23093, '2024-12-23', 2070, 25, 47);
insert into product (productid, name, description, price, stockquantity, expirydate, reorderlevel, categoryid, supplierid) values (43, 'SuperWidget', 'Sleek design with modern features', 528844, 59236, '2024-03-10', 2691, 3, 3);
insert into product (productid, name, description, price, stockquantity, expirydate, reorderlevel, categoryid, supplierid) values (44, 'Samsung Smartphone', 'Affordable option for everyday use', 277109, 16270, '2025-01-24', 9382, 29, 9);
insert into product (productid, name, description, price, stockquantity, expirydate, reorderlevel, categoryid, supplierid) values (45, 'SuperWidget', 'Sleek design with modern features', 329776, 88100, '2024-07-30', 8843, 38, 18);
insert into product (productid, name, description, price, stockquantity, expirydate, reorderlevel, categoryid, supplierid) values (46, 'PowerBlaster', 'Sleek design with modern features', 975494, 64906, '2024-10-15', 1111, 11, 1);
insert into product (productid, name, description, price, stockquantity, expirydate, reorderlevel, categoryid, supplierid) values (47, 'Notebooks', 'High-quality product with durable materials', 540054, 57277, '2024-09-10', 114, 43, 22);
insert into product (productid, name, description, price, stockquantity, expirydate, reorderlevel, categoryid, supplierid) values (48, 'Notebooks', 'Sleek design with modern features', 14742, 13497, '2024-07-17', 7913, 27, 21);
insert into product (productid, name, description, price, stockquantity, expirydate, reorderlevel, categoryid, supplierid) values (49, 'PowerBlaster', 'Luxurious product with premium finishes', 82310, 45284, '2024-05-04', 4812, 45, 6);
insert into product (productid, name, description, price, stockquantity, expirydate, reorderlevel, categoryid, supplierid) values (50, 'UltraThing', 'High-quality product with durable materials', 816593, 49620, '2025-01-10', 2554, 23, 44);
insert into product (productid, name, description, price, stockquantity, expirydate, reorderlevel, categoryid, supplierid) values (51, 'PowerBlaster', 'Sleek design with modern features', 680362, 29466, '2024-07-15', 8925, 11, 40);
insert into product (productid, name, description, price, stockquantity, expirydate, reorderlevel, categoryid, supplierid) values (52, 'TechMaster', 'Sleek design with modern features', 82813, 66210, '2024-03-02', 324, 11, 44);
insert into product (productid, name, description, price, stockquantity, expirydate, reorderlevel, categoryid, supplierid) values (53, 'MegaGizmo', 'Luxurious product with premium finishes', 850846, 59458, '2024-03-23', 6092, 37, 16);
insert into product (productid, name, description, price, stockquantity, expirydate, reorderlevel, categoryid, supplierid) values (54, 'Samsung Smartphone', 'High-quality product with durable materials', 645703, 71098, '2024-06-25', 3155, 24, 6);
insert into product (productid, name, description, price, stockquantity, expirydate, reorderlevel, categoryid, supplierid) values (55, 'SuperWidget', 'Sleek design with modern features', 190506, 34964, '2024-06-24', 9934, 39, 49);
insert into product (productid, name, description, price, stockquantity, expirydate, reorderlevel, categoryid, supplierid) values (56, 'PowerBlaster', 'Affordable option for everyday use', 978916, 61645, '2024-08-17', 5633, 8, 21);
insert into product (productid, name, description, price, stockquantity, expirydate, reorderlevel, categoryid, supplierid) values (57, 'Notebooks', 'Sleek design with modern features', 706279, 13989, '2024-02-23', 2020, 47, 15);
insert into product (productid, name, description, price, stockquantity, expirydate, reorderlevel, categoryid, supplierid) values (58, 'PowerBlaster', 'High-quality product with durable materials', 98361, 69311, '2024-05-03', 7949, 39, 13);
insert into product (productid, name, description, price, stockquantity, expirydate, reorderlevel, categoryid, supplierid) values (59, 'Samsung Smartphone', 'Luxurious product with premium finishes', 41931, 6254, '2024-10-21', 2048, 24, 31);
insert into product (productid, name, description, price, stockquantity, expirydate, reorderlevel, categoryid, supplierid) values (60, 'Pens', 'Luxurious product with premium finishes', 885360, 46340, '2024-08-25', 8259, 16, 29);
insert into product (productid, name, description, price, stockquantity, expirydate, reorderlevel, categoryid, supplierid) values (61, 'Pens', 'High-quality product with durable materials', 597733, 76696, '2024-06-16', 217, 20, 18);
insert into product (productid, name, description, price, stockquantity, expirydate, reorderlevel, categoryid, supplierid) values (62, 'Samsung Smartphone', 'Sleek design with modern features', 461806, 96905, '2024-07-02', 1222, 15, 35);
insert into product (productid, name, description, price, stockquantity, expirydate, reorderlevel, categoryid, supplierid) values (63, 'PowerBlaster', 'Sleek design with modern features', 24928, 63215, '2024-04-15', 6090, 17, 3);
insert into product (productid, name, description, price, stockquantity, expirydate, reorderlevel, categoryid, supplierid) values (64, 'PowerBlaster', 'High-quality product with durable materials', 833741, 39867, '2025-01-13', 2428, 11, 15);
insert into product (productid, name, description, price, stockquantity, expirydate, reorderlevel, categoryid, supplierid) values (65, 'PowerBlaster', 'High-quality product with durable materials', 244558, 1661, '2024-03-31', 570, 19, 6);
insert into product (productid, name, description, price, stockquantity, expirydate, reorderlevel, categoryid, supplierid) values (66, 'Pens', 'High-quality product with durable materials', 245031, 35391, '2024-09-03', 347, 40, 48);
insert into product (productid, name, description, price, stockquantity, expirydate, reorderlevel, categoryid, supplierid) values (67, 'Apple Macbook', 'Luxurious product with premium finishes', 657785, 81683, '2024-06-16', 2575, 24, 3);
insert into product (productid, name, description, price, stockquantity, expirydate, reorderlevel, categoryid, supplierid) values (68, 'SuperWidget', 'Affordable option for everyday use', 197223, 31654, '2024-12-19', 6198, 18, 20);
insert into product (productid, name, description, price, stockquantity, expirydate, reorderlevel, categoryid, supplierid) values (69, 'MegaGizmo', 'High-quality product with durable materials', 298565, 27129, '2024-03-25', 4498, 13, 22);
insert into product (productid, name, description, price, stockquantity, expirydate, reorderlevel, categoryid, supplierid) values (70, 'MegaGizmo', 'High-quality product with durable materials', 411104, 33376, '2025-01-05', 4098, 44, 20);
insert into product (productid, name, description, price, stockquantity, expirydate, reorderlevel, categoryid, supplierid) values (71, 'Apple Macbook', 'High-quality product with durable materials', 451855, 2414, '2024-08-23', 4338, 40, 10);
insert into product (productid, name, description, price, stockquantity, expirydate, reorderlevel, categoryid, supplierid) values (72, 'SuperWidget', 'Luxurious product with premium finishes', 236287, 45217, '2024-05-25', 4719, 19, 6);
insert into product (productid, name, description, price, stockquantity, expirydate, reorderlevel, categoryid, supplierid) values (73, 'TechMaster', 'High-quality product with durable materials', 58264, 1085, '2024-12-13', 2545, 38, 18);
insert into product (productid, name, description, price, stockquantity, expirydate, reorderlevel, categoryid, supplierid) values (74, 'PowerBlaster', 'Luxurious product with premium finishes', 152768, 12364, '2025-02-06', 4121, 30, 26);
insert into product (productid, name, description, price, stockquantity, expirydate, reorderlevel, categoryid, supplierid) values (75, 'Apple Macbook', 'Affordable option for everyday use', 964338, 45390, '2024-04-06', 6052, 33, 46);
insert into product (productid, name, description, price, stockquantity, expirydate, reorderlevel, categoryid, supplierid) values (76, 'Pens', 'Sleek design with modern features', 9737, 19327, '2024-06-29', 2143, 29, 9);
insert into product (productid, name, description, price, stockquantity, expirydate, reorderlevel, categoryid, supplierid) values (77, 'SuperWidget', 'Affordable option for everyday use', 511350, 62924, '2024-11-24', 7190, 19, 36);
insert into product (productid, name, description, price, stockquantity, expirydate, reorderlevel, categoryid, supplierid) values (78, 'Apple Macbook', 'Affordable option for everyday use', 559933, 23277, '2024-12-10', 8678, 24, 44);
insert into product (productid, name, description, price, stockquantity, expirydate, reorderlevel, categoryid, supplierid) values (79, 'PowerBlaster', 'Affordable option for everyday use', 656711, 59991, '2024-07-30', 8815, 2, 36);
insert into product (productid, name, description, price, stockquantity, expirydate, reorderlevel, categoryid, supplierid) values (80, 'Pens', 'Sleek design with modern features', 564515, 90453, '2025-01-01', 9843, 16, 8);
insert into product (productid, name, description, price, stockquantity, expirydate, reorderlevel, categoryid, supplierid) values (81, 'Pens', 'Luxurious product with premium finishes', 358632, 92893, '2025-01-19', 4710, 6, 7);
insert into product (productid, name, description, price, stockquantity, expirydate, reorderlevel, categoryid, supplierid) values (82, 'Pens', 'Affordable option for everyday use', 795639, 13089, '2024-04-23', 6342, 8, 28);
insert into product (productid, name, description, price, stockquantity, expirydate, reorderlevel, categoryid, supplierid) values (83, 'Apple Macbook', 'Sleek design with modern features', 177273, 67566, '2024-04-01', 7863, 40, 9);
insert into product (productid, name, description, price, stockquantity, expirydate, reorderlevel, categoryid, supplierid) values (84, 'MegaGizmo', 'Luxurious product with premium finishes', 924614, 97037, '2024-03-27', 4955, 42, 18);
insert into product (productid, name, description, price, stockquantity, expirydate, reorderlevel, categoryid, supplierid) values (85, 'Pens', 'High-quality product with durable materials', 923727, 62558, '2025-01-20', 3476, 15, 8);
insert into product (productid, name, description, price, stockquantity, expirydate, reorderlevel, categoryid, supplierid) values (86, 'UltraThing', 'Luxurious product with premium finishes', 153234, 84485, '2024-06-25', 6549, 15, 34);
insert into product (productid, name, description, price, stockquantity, expirydate, reorderlevel, categoryid, supplierid) values (87, 'Samsung Smartphone', 'High-quality product with durable materials', 549747, 83525, '2024-03-11', 7819, 25, 18);
insert into product (productid, name, description, price, stockquantity, expirydate, reorderlevel, categoryid, supplierid) values (88, 'PowerBlaster', 'Sleek design with modern features', 453822, 50758, '2024-12-24', 5635, 41, 13);
insert into product (productid, name, description, price, stockquantity, expirydate, reorderlevel, categoryid, supplierid) values (89, 'UltraThing', 'Affordable option for everyday use', 816584, 78909, '2025-01-31', 992, 44, 24);
insert into product (productid, name, description, price, stockquantity, expirydate, reorderlevel, categoryid, supplierid) values (90, 'SuperWidget', 'Luxurious product with premium finishes', 899711, 20924, '2024-04-28', 2366, 39, 16);
insert into product (productid, name, description, price, stockquantity, expirydate, reorderlevel, categoryid, supplierid) values (91, 'Pens', 'Luxurious product with premium finishes', 748996, 95559, '2024-11-28', 6292, 26, 49);
insert into product (productid, name, description, price, stockquantity, expirydate, reorderlevel, categoryid, supplierid) values (92, 'Notebooks', 'High-quality product with durable materials', 9854, 94424, '2024-12-10', 4514, 9, 4);
insert into product (productid, name, description, price, stockquantity, expirydate, reorderlevel, categoryid, supplierid) values (93, 'MegaGizmo', 'High-quality product with durable materials', 136906, 12008, '2024-09-18', 204, 23, 50);
insert into product (productid, name, description, price, stockquantity, expirydate, reorderlevel, categoryid, supplierid) values (94, 'TechMaster', 'High-quality product with durable materials', 37742, 33903, '2024-02-26', 3315, 36, 20);
insert into product (productid, name, description, price, stockquantity, expirydate, reorderlevel, categoryid, supplierid) values (95, 'PowerBlaster', 'Luxurious product with premium finishes', 384547, 20837, '2024-12-16', 8407, 6, 47);
insert into product (productid, name, description, price, stockquantity, expirydate, reorderlevel, categoryid, supplierid) values (96, 'MegaGizmo', 'Affordable option for everyday use', 50026, 42155, '2024-11-21', 7372, 23, 3);
insert into product (productid, name, description, price, stockquantity, expirydate, reorderlevel, categoryid, supplierid) values (97, 'Notebooks', 'Affordable option for everyday use', 548930, 23282, '2024-05-19', 3531, 34, 28);
insert into product (productid, name, description, price, stockquantity, expirydate, reorderlevel, categoryid, supplierid) values (98, 'Apple Macbook', 'Affordable option for everyday use', 926774, 37656, '2024-04-25', 6988, 4, 46);
insert into product (productid, name, description, price, stockquantity, expirydate, reorderlevel, categoryid, supplierid) values (99, 'UltraThing', 'High-quality product with durable materials', 974262, 7894, '2024-08-13', 3963, 37, 31);
insert into product (productid, name, description, price, stockquantity, expirydate, reorderlevel, categoryid, supplierid) values (100, 'MegaGizmo', 'Luxurious product with premium finishes', 656732, 71770, '2024-02-22', 4543, 11, 42);
insert into salesinvoice (invoiceid, customerid, employeeid, invoicedate, totalamount, discountapplied, taxamount, paymentmode) values (1, 172, 39, '2024-10-31', 529591, 8, 5, 'PayPal');
insert into salesinvoice (invoiceid, customerid, employeeid, invoicedate, totalamount, discountapplied, taxamount, paymentmode) values (2, 142, 37, '2024-12-01', 147861, 6, 19, 'Debit Card');
insert into salesinvoice (invoiceid, customerid, employeeid, invoicedate, totalamount, discountapplied, taxamount, paymentmode) values (3, 99, 8, '2024-03-16', 450678, 48, 8, 'PayPal');
insert into salesinvoice (invoiceid, customerid, employeeid, invoicedate, totalamount, discountapplied, taxamount, paymentmode) values (4, 167, 15, '2024-05-25', 485822, 8, 17, 'Debit Card');
insert into salesinvoice (invoiceid, customerid, employeeid, invoicedate, totalamount, discountapplied, taxamount, paymentmode) values (5, 37, 12, '2024-11-02', 259725, 13, 11, 'Debit Card');
insert into salesinvoice (invoiceid, customerid, employeeid, invoicedate, totalamount, discountapplied, taxamount, paymentmode) values (6, 9, 48, '2024-06-07', 847181, 46, 17, 'Check');
insert into salesinvoice (invoiceid, customerid, employeeid, invoicedate, totalamount, discountapplied, taxamount, paymentmode) values (7, 26, 19, '2024-05-12', 141731, 15, 12, 'Debit Card');
insert into salesinvoice (invoiceid, customerid, employeeid, invoicedate, totalamount, discountapplied, taxamount, paymentmode) values (8, 108, 23, '2024-05-03', 94713, 4, 8, 'Credit Card');
insert into salesinvoice (invoiceid, customerid, employeeid, invoicedate, totalamount, discountapplied, taxamount, paymentmode) values (9, 117, 34, '2025-02-02', 160167, 43, 13, 'Check');
insert into salesinvoice (invoiceid, customerid, employeeid, invoicedate, totalamount, discountapplied, taxamount, paymentmode) values (10, 135, 11, '2024-05-22', 50288, 45, 16, 'Credit Card');
insert into salesinvoice (invoiceid, customerid, employeeid, invoicedate, totalamount, discountapplied, taxamount, paymentmode) values (11, 108, 24, '2024-05-06', 448461, 12, 13, 'Credit Card');
insert into salesinvoice (invoiceid, customerid, employeeid, invoicedate, totalamount, discountapplied, taxamount, paymentmode) values (12, 165, 41, '2024-05-13', 616639, 9, 18, 'Debit Card');
insert into salesinvoice (invoiceid, customerid, employeeid, invoicedate, totalamount, discountapplied, taxamount, paymentmode) values (13, 17, 5, '2024-04-04', 567529, 50, 11, 'Check');
insert into salesinvoice (invoiceid, customerid, employeeid, invoicedate, totalamount, discountapplied, taxamount, paymentmode) values (14, 121, 5, '2024-05-05', 801285, 24, 16, 'Cash');
insert into salesinvoice (invoiceid, customerid, employeeid, invoicedate, totalamount, discountapplied, taxamount, paymentmode) values (15, 11, 25, '2024-10-26', 811403, 12, 18, 'Check');
insert into salesinvoice (invoiceid, customerid, employeeid, invoicedate, totalamount, discountapplied, taxamount, paymentmode) values (16, 168, 40, '2024-10-31', 514110, 40, 9, 'Credit Card');
insert into salesinvoice (invoiceid, customerid, employeeid, invoicedate, totalamount, discountapplied, taxamount, paymentmode) values (17, 168, 19, '2025-02-05', 672493, 10, 19, 'Venmo');
insert into salesinvoice (invoiceid, customerid, employeeid, invoicedate, totalamount, discountapplied, taxamount, paymentmode) values (18, 64, 10, '2025-02-10', 36131, 9, 9, 'Cash');
insert into salesinvoice (invoiceid, customerid, employeeid, invoicedate, totalamount, discountapplied, taxamount, paymentmode) values (19, 36, 12, '2024-04-10', 422282, 30, 19, 'Venmo');
insert into salesinvoice (invoiceid, customerid, employeeid, invoicedate, totalamount, discountapplied, taxamount, paymentmode) values (20, 18, 5, '2024-03-14', 854911, 49, 17, 'Cash');
insert into salesinvoice (invoiceid, customerid, employeeid, invoicedate, totalamount, discountapplied, taxamount, paymentmode) values (21, 174, 19, '2024-04-05', 442996, 9, 17, 'Credit Card');
insert into salesinvoice (invoiceid, customerid, employeeid, invoicedate, totalamount, discountapplied, taxamount, paymentmode) values (22, 159, 6, '2025-01-08', 841308, 39, 21, 'Check');
insert into salesinvoice (invoiceid, customerid, employeeid, invoicedate, totalamount, discountapplied, taxamount, paymentmode) values (23, 27, 4, '2025-01-23', 847021, 3, 21, 'Cash');
insert into salesinvoice (invoiceid, customerid, employeeid, invoicedate, totalamount, discountapplied, taxamount, paymentmode) values (24, 143, 3, '2024-11-26', 123187, 1, 19, 'Venmo');
insert into salesinvoice (invoiceid, customerid, employeeid, invoicedate, totalamount, discountapplied, taxamount, paymentmode) values (25, 100, 8, '2024-05-23', 321270, 22, 5, 'Check');
insert into salesinvoice (invoiceid, customerid, employeeid, invoicedate, totalamount, discountapplied, taxamount, paymentmode) values (26, 76, 32, '2024-10-27', 876364, 13, 21, 'Debit Card');
insert into salesinvoice (invoiceid, customerid, employeeid, invoicedate, totalamount, discountapplied, taxamount, paymentmode) values (27, 37, 22, '2024-11-30', 587226, 28, 9, 'Venmo');
insert into salesinvoice (invoiceid, customerid, employeeid, invoicedate, totalamount, discountapplied, taxamount, paymentmode) values (28, 3, 40, '2024-02-27', 508821, 7, 20, 'Credit Card');
insert into salesinvoice (invoiceid, customerid, employeeid, invoicedate, totalamount, discountapplied, taxamount, paymentmode) values (29, 84, 20, '2024-12-19', 237453, 16, 20, 'Check');
insert into salesinvoice (invoiceid, customerid, employeeid, invoicedate, totalamount, discountapplied, taxamount, paymentmode) values (30, 106, 22, '2024-06-02', 629822, 1, 18, 'Venmo');
insert into salesinvoice (invoiceid, customerid, employeeid, invoicedate, totalamount, discountapplied, taxamount, paymentmode) values (31, 169, 49, '2024-09-16', 887078, 11, 5, 'Check');
insert into salesinvoice (invoiceid, customerid, employeeid, invoicedate, totalamount, discountapplied, taxamount, paymentmode) values (32, 4, 44, '2024-11-20', 137328, 27, 12, 'Credit Card');
insert into salesinvoice (invoiceid, customerid, employeeid, invoicedate, totalamount, discountapplied, taxamount, paymentmode) values (33, 95, 29, '2024-05-12', 680781, 40, 15, 'Debit Card');
insert into salesinvoice (invoiceid, customerid, employeeid, invoicedate, totalamount, discountapplied, taxamount, paymentmode) values (34, 34, 15, '2025-01-15', 521068, 22, 9, 'Credit Card');
insert into salesinvoice (invoiceid, customerid, employeeid, invoicedate, totalamount, discountapplied, taxamount, paymentmode) values (35, 120, 23, '2025-01-07', 410651, 44, 11, 'Check');
insert into salesinvoice (invoiceid, customerid, employeeid, invoicedate, totalamount, discountapplied, taxamount, paymentmode) values (36, 96, 16, '2024-06-08', 716134, 15, 20, 'PayPal');
insert into salesinvoice (invoiceid, customerid, employeeid, invoicedate, totalamount, discountapplied, taxamount, paymentmode) values (37, 51, 24, '2024-09-01', 341130, 25, 12, 'Credit Card');
insert into salesinvoice (invoiceid, customerid, employeeid, invoicedate, totalamount, discountapplied, taxamount, paymentmode) values (38, 21, 13, '2025-01-28', 589493, 38, 22, 'Cash');
insert into salesinvoice (invoiceid, customerid, employeeid, invoicedate, totalamount, discountapplied, taxamount, paymentmode) values (39, 163, 8, '2024-12-09', 287523, 4, 17, 'Check');
insert into salesinvoice (invoiceid, customerid, employeeid, invoicedate, totalamount, discountapplied, taxamount, paymentmode) values (40, 21, 39, '2024-10-13', 811434, 21, 13, 'Credit Card');
insert into salesinvoice (invoiceid, customerid, employeeid, invoicedate, totalamount, discountapplied, taxamount, paymentmode) values (41, 92, 38, '2025-01-06', 752258, 12, 20, 'PayPal');
insert into salesinvoice (invoiceid, customerid, employeeid, invoicedate, totalamount, discountapplied, taxamount, paymentmode) values (42, 44, 15, '2024-08-30', 739715, 43, 22, 'Venmo');
insert into salesinvoice (invoiceid, customerid, employeeid, invoicedate, totalamount, discountapplied, taxamount, paymentmode) values (43, 132, 41, '2024-10-29', 741390, 26, 20, 'Venmo');
insert into salesinvoice (invoiceid, customerid, employeeid, invoicedate, totalamount, discountapplied, taxamount, paymentmode) values (44, 94, 44, '2025-01-17', 381086, 14, 10, 'Venmo');
insert into salesinvoice (invoiceid, customerid, employeeid, invoicedate, totalamount, discountapplied, taxamount, paymentmode) values (45, 53, 8, '2024-04-13', 384698, 10, 21, 'Debit Card');
insert into salesinvoice (invoiceid, customerid, employeeid, invoicedate, totalamount, discountapplied, taxamount, paymentmode) values (46, 5, 16, '2024-09-26', 347526, 6, 22, 'Cash');
insert into salesinvoice (invoiceid, customerid, employeeid, invoicedate, totalamount, discountapplied, taxamount, paymentmode) values (47, 19, 8, '2024-02-22', 146188, 16, 18, 'Debit Card');
insert into salesinvoice (invoiceid, customerid, employeeid, invoicedate, totalamount, discountapplied, taxamount, paymentmode) values (48, 147, 22, '2025-01-31', 638369, 2, 21, 'Cash');
insert into salesinvoice (invoiceid, customerid, employeeid, invoicedate, totalamount, discountapplied, taxamount, paymentmode) values (49, 144, 8, '2024-11-03', 955990, 50, 21, 'Check');
insert into salesinvoice (invoiceid, customerid, employeeid, invoicedate, totalamount, discountapplied, taxamount, paymentmode) values (50, 143, 31, '2024-12-01', 583559, 23, 11, 'Venmo');
insert into salesinvoice (invoiceid, customerid, employeeid, invoicedate, totalamount, discountapplied, taxamount, paymentmode) values (51, 12, 17, '2024-07-30', 133350, 15, 18, 'PayPal');
insert into salesinvoice (invoiceid, customerid, employeeid, invoicedate, totalamount, discountapplied, taxamount, paymentmode) values (52, 34, 24, '2024-04-27', 17820, 24, 22, 'PayPal');
insert into salesinvoice (invoiceid, customerid, employeeid, invoicedate, totalamount, discountapplied, taxamount, paymentmode) values (53, 32, 34, '2024-03-23', 834133, 42, 9, 'Cash');
insert into salesinvoice (invoiceid, customerid, employeeid, invoicedate, totalamount, discountapplied, taxamount, paymentmode) values (54, 167, 50, '2024-06-29', 584072, 11, 21, 'PayPal');
insert into salesinvoice (invoiceid, customerid, employeeid, invoicedate, totalamount, discountapplied, taxamount, paymentmode) values (55, 168, 45, '2024-09-25', 350298, 29, 8, 'Credit Card');
insert into salesinvoice (invoiceid, customerid, employeeid, invoicedate, totalamount, discountapplied, taxamount, paymentmode) values (56, 170, 7, '2024-03-12', 995761, 25, 8, 'Credit Card');
insert into salesinvoice (invoiceid, customerid, employeeid, invoicedate, totalamount, discountapplied, taxamount, paymentmode) values (57, 54, 30, '2024-03-10', 286724, 3, 14, 'Credit Card');
insert into salesinvoice (invoiceid, customerid, employeeid, invoicedate, totalamount, discountapplied, taxamount, paymentmode) values (58, 52, 8, '2024-09-01', 607151, 38, 20, 'Venmo');
insert into salesinvoice (invoiceid, customerid, employeeid, invoicedate, totalamount, discountapplied, taxamount, paymentmode) values (59, 149, 13, '2024-10-15', 353391, 15, 18, 'Venmo');
insert into salesinvoice (invoiceid, customerid, employeeid, invoicedate, totalamount, discountapplied, taxamount, paymentmode) values (60, 10, 44, '2024-02-29', 946405, 32, 10, 'Cash');
insert into salesinvoice (invoiceid, customerid, employeeid, invoicedate, totalamount, discountapplied, taxamount, paymentmode) values (61, 6, 3, '2024-10-09', 306450, 41, 12, 'PayPal');
insert into salesinvoice (invoiceid, customerid, employeeid, invoicedate, totalamount, discountapplied, taxamount, paymentmode) values (62, 32, 47, '2024-11-26', 537048, 1, 18, 'Check');
insert into salesinvoice (invoiceid, customerid, employeeid, invoicedate, totalamount, discountapplied, taxamount, paymentmode) values (63, 1, 4, '2024-03-14', 756795, 47, 18, 'Check');
insert into salesinvoice (invoiceid, customerid, employeeid, invoicedate, totalamount, discountapplied, taxamount, paymentmode) values (64, 137, 39, '2024-08-11', 880406, 20, 17, 'Debit Card');
insert into salesinvoice (invoiceid, customerid, employeeid, invoicedate, totalamount, discountapplied, taxamount, paymentmode) values (65, 90, 49, '2024-10-11', 592504, 35, 5, 'Credit Card');
insert into salesinvoice (invoiceid, customerid, employeeid, invoicedate, totalamount, discountapplied, taxamount, paymentmode) values (66, 15, 44, '2024-05-27', 905891, 24, 5, 'PayPal');
insert into salesinvoice (invoiceid, customerid, employeeid, invoicedate, totalamount, discountapplied, taxamount, paymentmode) values (67, 40, 32, '2024-08-31', 128060, 5, 5, 'Credit Card');
insert into salesinvoice (invoiceid, customerid, employeeid, invoicedate, totalamount, discountapplied, taxamount, paymentmode) values (68, 8, 43, '2025-01-04', 517876, 15, 12, 'Debit Card');
insert into salesinvoice (invoiceid, customerid, employeeid, invoicedate, totalamount, discountapplied, taxamount, paymentmode) values (69, 133, 21, '2024-03-22', 688294, 17, 10, 'Check');
insert into salesinvoice (invoiceid, customerid, employeeid, invoicedate, totalamount, discountapplied, taxamount, paymentmode) values (70, 83, 2, '2024-08-21', 439170, 50, 21, 'PayPal');
insert into salesinvoice (invoiceid, customerid, employeeid, invoicedate, totalamount, discountapplied, taxamount, paymentmode) values (71, 130, 11, '2024-06-25', 612576, 13, 13, 'Credit Card');
insert into salesinvoice (invoiceid, customerid, employeeid, invoicedate, totalamount, discountapplied, taxamount, paymentmode) values (72, 74, 8, '2024-12-12', 756092, 3, 16, 'Check');
insert into salesinvoice (invoiceid, customerid, employeeid, invoicedate, totalamount, discountapplied, taxamount, paymentmode) values (73, 10, 3, '2024-07-10', 156208, 1, 14, 'PayPal');
insert into salesinvoice (invoiceid, customerid, employeeid, invoicedate, totalamount, discountapplied, taxamount, paymentmode) values (74, 119, 19, '2024-10-12', 256417, 34, 18, 'Cash');
insert into salesinvoice (invoiceid, customerid, employeeid, invoicedate, totalamount, discountapplied, taxamount, paymentmode) values (75, 42, 44, '2025-01-14', 935656, 17, 19, 'PayPal');
insert into salesinvoice (invoiceid, customerid, employeeid, invoicedate, totalamount, discountapplied, taxamount, paymentmode) values (76, 60, 25, '2024-06-26', 149565, 5, 16, 'Check');
insert into salesinvoice (invoiceid, customerid, employeeid, invoicedate, totalamount, discountapplied, taxamount, paymentmode) values (77, 104, 40, '2025-01-16', 90635, 28, 14, 'Debit Card');
insert into salesinvoice (invoiceid, customerid, employeeid, invoicedate, totalamount, discountapplied, taxamount, paymentmode) values (78, 34, 29, '2024-05-09', 559774, 24, 11, 'PayPal');
insert into salesinvoice (invoiceid, customerid, employeeid, invoicedate, totalamount, discountapplied, taxamount, paymentmode) values (79, 43, 10, '2024-11-23', 170523, 11, 5, 'PayPal');
insert into salesinvoice (invoiceid, customerid, employeeid, invoicedate, totalamount, discountapplied, taxamount, paymentmode) values (80, 52, 40, '2024-11-07', 858929, 10, 13, 'Cash');
insert into salesinvoice (invoiceid, customerid, employeeid, invoicedate, totalamount, discountapplied, taxamount, paymentmode) values (81, 148, 7, '2025-01-09', 901566, 22, 13, 'Cash');
insert into salesinvoice (invoiceid, customerid, employeeid, invoicedate, totalamount, discountapplied, taxamount, paymentmode) values (82, 46, 23, '2024-12-27', 817269, 41, 16, 'Credit Card');
insert into salesinvoice (invoiceid, customerid, employeeid, invoicedate, totalamount, discountapplied, taxamount, paymentmode) values (83, 157, 29, '2024-08-21', 125862, 48, 9, 'Credit Card');
insert into salesinvoice (invoiceid, customerid, employeeid, invoicedate, totalamount, discountapplied, taxamount, paymentmode) values (84, 94, 11, '2024-12-21', 976343, 44, 11, 'Credit Card');
insert into salesinvoice (invoiceid, customerid, employeeid, invoicedate, totalamount, discountapplied, taxamount, paymentmode) values (85, 80, 39, '2024-09-18', 298779, 46, 19, 'Venmo');
insert into salesinvoice (invoiceid, customerid, employeeid, invoicedate, totalamount, discountapplied, taxamount, paymentmode) values (86, 112, 6, '2025-02-07', 327008, 26, 14, 'Credit Card');
insert into salesinvoice (invoiceid, customerid, employeeid, invoicedate, totalamount, discountapplied, taxamount, paymentmode) values (87, 141, 26, '2024-02-21', 464270, 35, 21, 'Check');
insert into salesinvoice (invoiceid, customerid, employeeid, invoicedate, totalamount, discountapplied, taxamount, paymentmode) values (88, 35, 3, '2024-12-04', 562523, 8, 21, 'Credit Card');
insert into salesinvoice (invoiceid, customerid, employeeid, invoicedate, totalamount, discountapplied, taxamount, paymentmode) values (89, 77, 32, '2024-04-07', 275221, 8, 19, 'Venmo');
insert into salesinvoice (invoiceid, customerid, employeeid, invoicedate, totalamount, discountapplied, taxamount, paymentmode) values (90, 39, 33, '2024-09-18', 643939, 40, 5, 'Venmo');
insert into salesinvoice (invoiceid, customerid, employeeid, invoicedate, totalamount, discountapplied, taxamount, paymentmode) values (91, 63, 16, '2024-11-14', 800239, 20, 14, 'Credit Card');
insert into salesinvoice (invoiceid, customerid, employeeid, invoicedate, totalamount, discountapplied, taxamount, paymentmode) values (92, 24, 13, '2024-10-28', 610747, 17, 14, 'Check');
insert into salesinvoice (invoiceid, customerid, employeeid, invoicedate, totalamount, discountapplied, taxamount, paymentmode) values (93, 83, 34, '2024-04-15', 191917, 34, 20, 'Cash');
insert into salesinvoice (invoiceid, customerid, employeeid, invoicedate, totalamount, discountapplied, taxamount, paymentmode) values (94, 172, 2, '2024-09-20', 656420, 24, 21, 'Debit Card');
insert into salesinvoice (invoiceid, customerid, employeeid, invoicedate, totalamount, discountapplied, taxamount, paymentmode) values (95, 58, 21, '2024-07-04', 954302, 50, 9, 'Cash');
insert into salesinvoice (invoiceid, customerid, employeeid, invoicedate, totalamount, discountapplied, taxamount, paymentmode) values (96, 109, 29, '2024-11-10', 409395, 26, 22, 'Cash');
insert into salesinvoice (invoiceid, customerid, employeeid, invoicedate, totalamount, discountapplied, taxamount, paymentmode) values (97, 1, 1, '2024-10-13', 872220, 11, 5, 'Credit Card');
insert into salesinvoice (invoiceid, customerid, employeeid, invoicedate, totalamount, discountapplied, taxamount, paymentmode) values (98, 132, 46, '2025-01-29', 350858, 40, 8, 'Venmo');
insert into salesinvoice (invoiceid, customerid, employeeid, invoicedate, totalamount, discountapplied, taxamount, paymentmode) values (99, 142, 49, '2024-06-05', 175270, 17, 13, 'PayPal');
insert into salesinvoice (invoiceid, customerid, employeeid, invoicedate, totalamount, discountapplied, taxamount, paymentmode) values (100, 51, 34, '2024-08-22', 400628, 17, 19, 'Venmo');
insert into salesdetail (invoiceid, productid, quantity, linetotal) values (99, 50, 27, 379033);
insert into salesdetail (invoiceid, productid, quantity, linetotal) values (44, 96, 45, 960990);
insert into salesdetail (invoiceid, productid, quantity, linetotal) values (38, 30, 25, 394734);
insert into salesdetail (invoiceid, productid, quantity, linetotal) values (75, 86, 28, 163907);
insert into salesdetail (invoiceid, productid, quantity, linetotal) values (40, 53, 26, 646316);
insert into salesdetail (invoiceid, productid, quantity, linetotal) values (42, 82, 48, 443241);
insert into salesdetail (invoiceid, productid, quantity, linetotal) values (75, 26, 3, 763121);
insert into salesdetail (invoiceid, productid, quantity, linetotal) values (15, 19, 24, 9421);
insert into salesdetail (invoiceid, productid, quantity, linetotal) values (7, 12, 49, 427867);
insert into salesdetail (invoiceid, productid, quantity, linetotal) values (14, 96, 18, 911232);
insert into salesdetail (invoiceid, productid, quantity, linetotal) values (66, 90, 6, 893452);
insert into salesdetail (invoiceid, productid, quantity, linetotal) values (36, 68, 18, 624013);
insert into salesdetail (invoiceid, productid, quantity, linetotal) values (97, 46, 15, 25061);
insert into salesdetail (invoiceid, productid, quantity, linetotal) values (34, 6, 1, 190663);
insert into salesdetail (invoiceid, productid, quantity, linetotal) values (60, 45, 26, 255716);
insert into salesdetail (invoiceid, productid, quantity, linetotal) values (71, 26, 25, 248930);
insert into salesdetail (invoiceid, productid, quantity, linetotal) values (62, 53, 32, 348214);
insert into salesdetail (invoiceid, productid, quantity, linetotal) values (64, 84, 15, 237112);
insert into salesdetail (invoiceid, productid, quantity, linetotal) values (20, 83, 33, 426678);
insert into salesdetail (invoiceid, productid, quantity, linetotal) values (57, 23, 19, 658132);
insert into salesdetail (invoiceid, productid, quantity, linetotal) values (94, 75, 50, 201309);
insert into salesdetail (invoiceid, productid, quantity, linetotal) values (80, 53, 4, 992057);
insert into salesdetail (invoiceid, productid, quantity, linetotal) values (53, 33, 10, 525407);
insert into salesdetail (invoiceid, productid, quantity, linetotal) values (77, 47, 31, 158534);
insert into salesdetail (invoiceid, productid, quantity, linetotal) values (97, 73, 28, 643457);
insert into salesdetail (invoiceid, productid, quantity, linetotal) values (56, 29, 22, 398283);
insert into salesdetail (invoiceid, productid, quantity, linetotal) values (4, 32, 15, 294122);
insert into salesdetail (invoiceid, productid, quantity, linetotal) values (10, 74, 25, 187107);
insert into salesdetail (invoiceid, productid, quantity, linetotal) values (85, 100, 46, 710407);
insert into salesdetail (invoiceid, productid, quantity, linetotal) values (77, 35, 28, 748942);
insert into salesdetail (invoiceid, productid, quantity, linetotal) values (39, 56, 35, 834180);
insert into salesdetail (invoiceid, productid, quantity, linetotal) values (95, 31, 42, 825555);
insert into salesdetail (invoiceid, productid, quantity, linetotal) values (24, 18, 28, 556955);
insert into salesdetail (invoiceid, productid, quantity, linetotal) values (57, 60, 41, 560127);
insert into salesdetail (invoiceid, productid, quantity, linetotal) values (37, 88, 8, 603914);
insert into salesdetail (invoiceid, productid, quantity, linetotal) values (36, 15, 12, 209558);
insert into salesdetail (invoiceid, productid, quantity, linetotal) values (63, 31, 15, 281636);
insert into salesdetail (invoiceid, productid, quantity, linetotal) values (53, 100, 50, 623858);
insert into salesdetail (invoiceid, productid, quantity, linetotal) values (23, 60, 21, 114459);
insert into salesdetail (invoiceid, productid, quantity, linetotal) values (95, 4, 7, 401941);
insert into salesdetail (invoiceid, productid, quantity, linetotal) values (14, 48, 28, 962391);
insert into salesdetail (invoiceid, productid, quantity, linetotal) values (7, 38, 13, 388683);
insert into salesdetail (invoiceid, productid, quantity, linetotal) values (54, 7, 20, 10161);
insert into salesdetail (invoiceid, productid, quantity, linetotal) values (94, 24, 21, 17798);
insert into salesdetail (invoiceid, productid, quantity, linetotal) values (67, 85, 35, 745370);
insert into salesdetail (invoiceid, productid, quantity, linetotal) values (97, 67, 40, 576899);
insert into salesdetail (invoiceid, productid, quantity, linetotal) values (6, 27, 41, 34633);
insert into salesdetail (invoiceid, productid, quantity, linetotal) values (7, 51, 42, 251770);
insert into salesdetail (invoiceid, productid, quantity, linetotal) values (66, 52, 28, 285188);
insert into salesdetail (invoiceid, productid, quantity, linetotal) values (46, 49, 27, 105021);
insert into salesdetail (invoiceid, productid, quantity, linetotal) values (44, 8, 40, 612436);
insert into salesdetail (invoiceid, productid, quantity, linetotal) values (68, 58, 21, 553254);
insert into salesdetail (invoiceid, productid, quantity, linetotal) values (4, 69, 22, 586946);
insert into salesdetail (invoiceid, productid, quantity, linetotal) values (19, 46, 38, 898833);
insert into salesdetail (invoiceid, productid, quantity, linetotal) values (61, 19, 31, 232597);
insert into salesdetail (invoiceid, productid, quantity, linetotal) values (33, 88, 48, 77925);
insert into salesdetail (invoiceid, productid, quantity, linetotal) values (88, 6, 9, 696057);
insert into salesdetail (invoiceid, productid, quantity, linetotal) values (96, 34, 13, 864728);
insert into salesdetail (invoiceid, productid, quantity, linetotal) values (70, 86, 30, 287658);
insert into salesdetail (invoiceid, productid, quantity, linetotal) values (61, 48, 16, 414619);
insert into salesdetail (invoiceid, productid, quantity, linetotal) values (57, 19, 42, 147622);
insert into salesdetail (invoiceid, productid, quantity, linetotal) values (81, 42, 40, 673783);
insert into salesdetail (invoiceid, productid, quantity, linetotal) values (12, 17, 12, 749236);
insert into salesdetail (invoiceid, productid, quantity, linetotal) values (39, 44, 3, 7422);
insert into salesdetail (invoiceid, productid, quantity, linetotal) values (93, 6, 23, 594327);
insert into salesdetail (invoiceid, productid, quantity, linetotal) values (29, 7, 34, 539954);
insert into salesdetail (invoiceid, productid, quantity, linetotal) values (75, 34, 18, 219220);
insert into salesdetail (invoiceid, productid, quantity, linetotal) values (80, 46, 22, 118955);
insert into salesdetail (invoiceid, productid, quantity, linetotal) values (22, 26, 23, 727113);
insert into salesdetail (invoiceid, productid, quantity, linetotal) values (47, 68, 39, 320408);
insert into salesdetail (invoiceid, productid, quantity, linetotal) values (58, 31, 31, 911174);
insert into salesdetail (invoiceid, productid, quantity, linetotal) values (100, 33, 24, 829406);
insert into salesdetail (invoiceid, productid, quantity, linetotal) values (77, 69, 26, 707721);
insert into salesdetail (invoiceid, productid, quantity, linetotal) values (28, 24, 5, 448887);
insert into salesdetail (invoiceid, productid, quantity, linetotal) values (98, 20, 5, 424605);
insert into salesdetail (invoiceid, productid, quantity, linetotal) values (97, 13, 29, 97346);
insert into salesdetail (invoiceid, productid, quantity, linetotal) values (70, 68, 18, 394757);
insert into salesdetail (invoiceid, productid, quantity, linetotal) values (88, 62, 5, 906671);
insert into salesdetail (invoiceid, productid, quantity, linetotal) values (18, 42, 12, 518068);
insert into salesdetail (invoiceid, productid, quantity, linetotal) values (73, 64, 48, 715876);
insert into salesdetail (invoiceid, productid, quantity, linetotal) values (29, 32, 17, 147080);
insert into salesdetail (invoiceid, productid, quantity, linetotal) values (71, 91, 38, 205681);
insert into salesdetail (invoiceid, productid, quantity, linetotal) values (99, 59, 46, 232737);
insert into salesdetail (invoiceid, productid, quantity, linetotal) values (68, 28, 29, 518466);
insert into salesdetail (invoiceid, productid, quantity, linetotal) values (21, 58, 39, 445831);
insert into salesdetail (invoiceid, productid, quantity, linetotal) values (99, 42, 29, 601772);
insert into salesdetail (invoiceid, productid, quantity, linetotal) values (21, 88, 18, 616527);
insert into salesdetail (invoiceid, productid, quantity, linetotal) values (97, 43, 37, 304221);
insert into salesdetail (invoiceid, productid, quantity, linetotal) values (65, 43, 40, 905082);
insert into salesdetail (invoiceid, productid, quantity, linetotal) values (7, 37, 12, 872138);
insert into salesdetail (invoiceid, productid, quantity, linetotal) values (31, 49, 23, 945560);
insert into salesdetail (invoiceid, productid, quantity, linetotal) values (50, 66, 11, 411185);
insert into salesdetail (invoiceid, productid, quantity, linetotal) values (59, 90, 7, 723412);
insert into salesdetail (invoiceid, productid, quantity, linetotal) values (5, 100, 31, 761255);
insert into salesdetail (invoiceid, productid, quantity, linetotal) values (25, 75, 24, 646574);
insert into salesdetail (invoiceid, productid, quantity, linetotal) values (50, 7, 45, 407307);
insert into salesdetail (invoiceid, productid, quantity, linetotal) values (57, 53, 31, 582801);
insert into salesdetail (invoiceid, productid, quantity, linetotal) values (90, 70, 18, 688445);
insert into salesdetail (invoiceid, productid, quantity, linetotal) values (88, 84, 2, 783559);
insert into salesdetail (invoiceid, productid, quantity, linetotal) values (100, 4, 4, 594008);
insert into salesdetail (invoiceid, productid, quantity, linetotal) values (95, 78, 26, 639305);
insert into salesdetail (invoiceid, productid, quantity, linetotal) values (63, 9, 7, 948195);
insert into salesdetail (invoiceid, productid, quantity, linetotal) values (17, 85, 42, 932474);
insert into salesdetail (invoiceid, productid, quantity, linetotal) values (92, 50, 24, 452617);
insert into salesdetail (invoiceid, productid, quantity, linetotal) values (54, 11, 31, 809570);
insert into salesdetail (invoiceid, productid, quantity, linetotal) values (28, 92, 26, 668479);
insert into salesdetail (invoiceid, productid, quantity, linetotal) values (64, 17, 32, 716847);
insert into salesdetail (invoiceid, productid, quantity, linetotal) values (15, 98, 33, 819361);
insert into salesdetail (invoiceid, productid, quantity, linetotal) values (95, 71, 14, 354196);
insert into salesdetail (invoiceid, productid, quantity, linetotal) values (55, 43, 15, 444468);
insert into salesdetail (invoiceid, productid, quantity, linetotal) values (21, 86, 50, 698963);
insert into salesdetail (invoiceid, productid, quantity, linetotal) values (86, 3, 29, 388426);
insert into salesdetail (invoiceid, productid, quantity, linetotal) values (70, 67, 43, 39599);
insert into salesdetail (invoiceid, productid, quantity, linetotal) values (91, 83, 15, 105291);
insert into salesdetail (invoiceid, productid, quantity, linetotal) values (59, 18, 34, 398318);
insert into salesdetail (invoiceid, productid, quantity, linetotal) values (4, 49, 24, 787753);
insert into salesdetail (invoiceid, productid, quantity, linetotal) values (91, 33, 31, 928958);
insert into salesdetail (invoiceid, productid, quantity, linetotal) values (17, 28, 38, 593973);
insert into salesdetail (invoiceid, productid, quantity, linetotal) values (3, 13, 24, 245416);
insert into salesdetail (invoiceid, productid, quantity, linetotal) values (34, 33, 49, 79368);
insert into salesdetail (invoiceid, productid, quantity, linetotal) values (95, 97, 13, 853116);
insert into salesdetail (invoiceid, productid, quantity, linetotal) values (17, 2, 43, 804287);
insert into salesdetail (invoiceid, productid, quantity, linetotal) values (8, 38, 13, 127178);
insert into salesdetail (invoiceid, productid, quantity, linetotal) values (86, 27, 33, 822943);
insert into salesdetail (invoiceid, productid, quantity, linetotal) values (10, 64, 36, 885041);
insert into salesdetail (invoiceid, productid, quantity, linetotal) values (83, 6, 31, 730779);
insert into salesdetail (invoiceid, productid, quantity, linetotal) values (1, 47, 14, 813073);
insert into salesdetail (invoiceid, productid, quantity, linetotal) values (24, 43, 15, 139503);
insert into salesdetail (invoiceid, productid, quantity, linetotal) values (4, 72, 20, 455746);
insert into salesdetail (invoiceid, productid, quantity, linetotal) values (59, 84, 40, 454369);
insert into salesdetail (invoiceid, productid, quantity, linetotal) values (53, 26, 48, 90640);
insert into salesdetail (invoiceid, productid, quantity, linetotal) values (54, 82, 30, 891502);
insert into salesdetail (invoiceid, productid, quantity, linetotal) values (63, 61, 26, 92323);
insert into salesdetail (invoiceid, productid, quantity, linetotal) values (12, 21, 43, 355391);
insert into salesdetail (invoiceid, productid, quantity, linetotal) values (32, 16, 28, 655939);
insert into salesdetail (invoiceid, productid, quantity, linetotal) values (82, 37, 23, 788218);
insert into salesdetail (invoiceid, productid, quantity, linetotal) values (14, 31, 28, 537251);
insert into salesdetail (invoiceid, productid, quantity, linetotal) values (64, 89, 37, 287434);
insert into salesdetail (invoiceid, productid, quantity, linetotal) values (86, 19, 35, 552681);
insert into salesdetail (invoiceid, productid, quantity, linetotal) values (14, 74, 26, 407712);
insert into salesdetail (invoiceid, productid, quantity, linetotal) values (44, 68, 41, 992814);
insert into salesdetail (invoiceid, productid, quantity, linetotal) values (3, 77, 15, 468344);
insert into salesdetail (invoiceid, productid, quantity, linetotal) values (97, 3, 41, 98128);
insert into salesdetail (invoiceid, productid, quantity, linetotal) values (68, 22, 39, 668147);
insert into salesdetail (invoiceid, productid, quantity, linetotal) values (94, 45, 8, 273451);
insert into salesdetail (invoiceid, productid, quantity, linetotal) values (99, 30, 25, 557593);
insert into salesdetail (invoiceid, productid, quantity, linetotal) values (50, 18, 19, 858145);
insert into salesdetail (invoiceid, productid, quantity, linetotal) values (23, 45, 15, 219360);
insert into salesdetail (invoiceid, productid, quantity, linetotal) values (80, 93, 43, 713174);
insert into salesdetail (invoiceid, productid, quantity, linetotal) values (91, 1, 22, 307743);
insert into salesdetail (invoiceid, productid, quantity, linetotal) values (61, 4, 14, 444796);
insert into salesdetail (invoiceid, productid, quantity, linetotal) values (19, 32, 41, 16536);
insert into salesdetail (invoiceid, productid, quantity, linetotal) values (28, 15, 31, 885173);
insert into salesdetail (invoiceid, productid, quantity, linetotal) values (25, 8, 25, 714606);
insert into salesdetail (invoiceid, productid, quantity, linetotal) values (17, 7, 9, 900853);
insert into salesdetail (invoiceid, productid, quantity, linetotal) values (94, 55, 8, 866950);
insert into salesdetail (invoiceid, productid, quantity, linetotal) values (14, 35, 2, 101613);
insert into salesdetail (invoiceid, productid, quantity, linetotal) values (93, 73, 2, 190257);
insert into salesdetail (invoiceid, productid, quantity, linetotal) values (42, 76, 35, 23017);
insert into salesdetail (invoiceid, productid, quantity, linetotal) values (31, 78, 26, 374802);
insert into salesdetail (invoiceid, productid, quantity, linetotal) values (39, 49, 1, 821108);
insert into salesdetail (invoiceid, productid, quantity, linetotal) values (93, 66, 20, 356606);
insert into salesdetail (invoiceid, productid, quantity, linetotal) values (27, 35, 46, 243454);
insert into salesdetail (invoiceid, productid, quantity, linetotal) values (17, 83, 31, 272719);
insert into salesdetail (invoiceid, productid, quantity, linetotal) values (54, 47, 7, 38748);
insert into salesdetail (invoiceid, productid, quantity, linetotal) values (84, 98, 32, 15334);
insert into salesdetail (invoiceid, productid, quantity, linetotal) values (14, 32, 8, 42359);
insert into salesdetail (invoiceid, productid, quantity, linetotal) values (98, 19, 39, 641531);
insert into salesdetail (invoiceid, productid, quantity, linetotal) values (56, 47, 17, 376758);
insert into salesdetail (invoiceid, productid, quantity, linetotal) values (40, 4, 24, 363203);
insert into salesdetail (invoiceid, productid, quantity, linetotal) values (11, 11, 26, 293301);
insert into salesdetail (invoiceid, productid, quantity, linetotal) values (17, 45, 18, 968573);
insert into salesdetail (invoiceid, productid, quantity, linetotal) values (70, 82, 48, 699905);
insert into salesdetail (invoiceid, productid, quantity, linetotal) values (99, 12, 35, 918245);
insert into salesdetail (invoiceid, productid, quantity, linetotal) values (57, 85, 30, 849136);
insert into payment (paymentid, invoiceid, amountpaid, paymentmethod) values (1, 30, 94668, 'Venmo');
insert into payment (paymentid, invoiceid, amountpaid, paymentmethod) values (2, 12, 455719, 'Venmo');
insert into payment (paymentid, invoiceid, amountpaid, paymentmethod) values (3, 62, 326322, 'cash');
insert into payment (paymentid, invoiceid, amountpaid, paymentmethod) values (4, 49, 116306, 'credit card');
insert into payment (paymentid, invoiceid, amountpaid, paymentmethod) values (5, 31, 731168, 'cash');
insert into payment (paymentid, invoiceid, amountpaid, paymentmethod) values (6, 38, 168064, 'credit card');
insert into payment (paymentid, invoiceid, amountpaid, paymentmethod) values (7, 86, 486496, 'credit card');
insert into payment (paymentid, invoiceid, amountpaid, paymentmethod) values (8, 86, 209917, 'PayPal');
insert into payment (paymentid, invoiceid, amountpaid, paymentmethod) values (9, 65, 253437, 'Venmo');
insert into payment (paymentid, invoiceid, amountpaid, paymentmethod) values (10, 31, 213845, 'PayPal');
insert into payment (paymentid, invoiceid, amountpaid, paymentmethod) values (11, 66, 785980, 'PayPal');
insert into payment (paymentid, invoiceid, amountpaid, paymentmethod) values (12, 17, 257340, 'Venmo');
insert into payment (paymentid, invoiceid, amountpaid, paymentmethod) values (13, 69, 123490, 'credit card');
insert into payment (paymentid, invoiceid, amountpaid, paymentmethod) values (14, 7, 961398, 'Venmo');
insert into payment (paymentid, invoiceid, amountpaid, paymentmethod) values (15, 93, 502989, 'Venmo');
insert into payment (paymentid, invoiceid, amountpaid, paymentmethod) values (16, 54, 644663, 'debit card');
insert into payment (paymentid, invoiceid, amountpaid, paymentmethod) values (17, 75, 790896, 'cash');
insert into payment (paymentid, invoiceid, amountpaid, paymentmethod) values (18, 53, 619877, 'credit card');
insert into payment (paymentid, invoiceid, amountpaid, paymentmethod) values (19, 20, 395867, 'debit card');
insert into payment (paymentid, invoiceid, amountpaid, paymentmethod) values (20, 92, 457722, 'PayPal');
insert into payment (paymentid, invoiceid, amountpaid, paymentmethod) values (21, 91, 279479, 'cash');
insert into payment (paymentid, invoiceid, amountpaid, paymentmethod) values (22, 57, 985005, 'cash');
insert into payment (paymentid, invoiceid, amountpaid, paymentmethod) values (23, 8, 554776, 'PayPal');
insert into payment (paymentid, invoiceid, amountpaid, paymentmethod) values (24, 30, 260130, 'PayPal');
insert into payment (paymentid, invoiceid, amountpaid, paymentmethod) values (25, 2, 311067, 'debit card');
insert into payment (paymentid, invoiceid, amountpaid, paymentmethod) values (26, 24, 487401, 'Venmo');
insert into payment (paymentid, invoiceid, amountpaid, paymentmethod) values (27, 71, 905603, 'credit card');
insert into payment (paymentid, invoiceid, amountpaid, paymentmethod) values (28, 85, 705113, 'PayPal');
insert into payment (paymentid, invoiceid, amountpaid, paymentmethod) values (29, 60, 179156, 'credit card');
insert into payment (paymentid, invoiceid, amountpaid, paymentmethod) values (30, 94, 819065, 'cash');
insert into payment (paymentid, invoiceid, amountpaid, paymentmethod) values (31, 14, 341099, 'PayPal');
insert into payment (paymentid, invoiceid, amountpaid, paymentmethod) values (32, 71, 61763, 'debit card');
insert into payment (paymentid, invoiceid, amountpaid, paymentmethod) values (33, 25, 321884, 'debit card');
insert into payment (paymentid, invoiceid, amountpaid, paymentmethod) values (34, 90, 664986, 'credit card');
insert into payment (paymentid, invoiceid, amountpaid, paymentmethod) values (35, 44, 747225, 'debit card');
insert into payment (paymentid, invoiceid, amountpaid, paymentmethod) values (36, 99, 398723, 'credit card');
insert into payment (paymentid, invoiceid, amountpaid, paymentmethod) values (37, 63, 512431, 'cash');
insert into payment (paymentid, invoiceid, amountpaid, paymentmethod) values (38, 10, 618443, 'credit card');
insert into payment (paymentid, invoiceid, amountpaid, paymentmethod) values (39, 9, 547496, 'Venmo');
insert into payment (paymentid, invoiceid, amountpaid, paymentmethod) values (40, 87, 756087, 'PayPal');
insert into payment (paymentid, invoiceid, amountpaid, paymentmethod) values (41, 33, 794998, 'Venmo');
insert into payment (paymentid, invoiceid, amountpaid, paymentmethod) values (42, 5, 583124, 'Venmo');
insert into payment (paymentid, invoiceid, amountpaid, paymentmethod) values (43, 79, 982859, 'debit card');
insert into payment (paymentid, invoiceid, amountpaid, paymentmethod) values (44, 54, 91386, 'PayPal');
insert into payment (paymentid, invoiceid, amountpaid, paymentmethod) values (45, 16, 186456, 'cash');
insert into payment (paymentid, invoiceid, amountpaid, paymentmethod) values (46, 38, 829508, 'cash');
insert into payment (paymentid, invoiceid, amountpaid, paymentmethod) values (47, 83, 933169, 'PayPal');
insert into payment (paymentid, invoiceid, amountpaid, paymentmethod) values (48, 61, 362916, 'debit card');
insert into payment (paymentid, invoiceid, amountpaid, paymentmethod) values (49, 58, 586378, 'credit card');
insert into payment (paymentid, invoiceid, amountpaid, paymentmethod) values (50, 20, 69105, 'PayPal');
insert into payment (paymentid, invoiceid, amountpaid, paymentmethod) values (51, 13, 605081, 'credit card');
insert into payment (paymentid, invoiceid, amountpaid, paymentmethod) values (52, 73, 395042, 'credit card');
insert into payment (paymentid, invoiceid, amountpaid, paymentmethod) values (53, 61, 57671, 'PayPal');
insert into payment (paymentid, invoiceid, amountpaid, paymentmethod) values (54, 83, 9300, 'debit card');
insert into payment (paymentid, invoiceid, amountpaid, paymentmethod) values (55, 23, 39018, 'PayPal');
insert into payment (paymentid, invoiceid, amountpaid, paymentmethod) values (56, 48, 386533, 'cash');
insert into payment (paymentid, invoiceid, amountpaid, paymentmethod) values (57, 37, 283294, 'credit card');
insert into payment (paymentid, invoiceid, amountpaid, paymentmethod) values (58, 37, 88426, 'cash');
insert into payment (paymentid, invoiceid, amountpaid, paymentmethod) values (59, 6, 26558, 'credit card');
insert into payment (paymentid, invoiceid, amountpaid, paymentmethod) values (60, 93, 445014, 'Venmo');
insert into payment (paymentid, invoiceid, amountpaid, paymentmethod) values (61, 64, 433999, 'Venmo');
insert into payment (paymentid, invoiceid, amountpaid, paymentmethod) values (62, 93, 424048, 'credit card');
insert into payment (paymentid, invoiceid, amountpaid, paymentmethod) values (63, 91, 177959, 'cash');
insert into payment (paymentid, invoiceid, amountpaid, paymentmethod) values (64, 1, 822600, 'Venmo');
insert into payment (paymentid, invoiceid, amountpaid, paymentmethod) values (65, 27, 96954, 'cash');
insert into payment (paymentid, invoiceid, amountpaid, paymentmethod) values (66, 22, 485135, 'cash');
insert into payment (paymentid, invoiceid, amountpaid, paymentmethod) values (67, 13, 34669, 'Venmo');
insert into payment (paymentid, invoiceid, amountpaid, paymentmethod) values (68, 56, 748400, 'debit card');
insert into payment (paymentid, invoiceid, amountpaid, paymentmethod) values (69, 74, 543347, 'credit card');
insert into payment (paymentid, invoiceid, amountpaid, paymentmethod) values (70, 36, 341274, 'cash');
insert into payment (paymentid, invoiceid, amountpaid, paymentmethod) values (71, 82, 936589, 'credit card');
insert into payment (paymentid, invoiceid, amountpaid, paymentmethod) values (72, 31, 872057, 'Venmo');
insert into payment (paymentid, invoiceid, amountpaid, paymentmethod) values (73, 19, 512746, 'debit card');
insert into payment (paymentid, invoiceid, amountpaid, paymentmethod) values (74, 46, 91831, 'credit card');
insert into payment (paymentid, invoiceid, amountpaid, paymentmethod) values (75, 94, 89007, 'debit card');
insert into payment (paymentid, invoiceid, amountpaid, paymentmethod) values (76, 62, 574823, 'PayPal');
insert into payment (paymentid, invoiceid, amountpaid, paymentmethod) values (77, 6, 209277, 'cash');
insert into payment (paymentid, invoiceid, amountpaid, paymentmethod) values (78, 46, 265706, 'credit card');
insert into payment (paymentid, invoiceid, amountpaid, paymentmethod) values (79, 30, 663492, 'PayPal');
insert into payment (paymentid, invoiceid, amountpaid, paymentmethod) values (80, 95, 465174, 'PayPal');
insert into payment (paymentid, invoiceid, amountpaid, paymentmethod) values (81, 90, 570663, 'cash');
insert into payment (paymentid, invoiceid, amountpaid, paymentmethod) values (82, 76, 541540, 'cash');
insert into payment (paymentid, invoiceid, amountpaid, paymentmethod) values (83, 71, 734277, 'PayPal');
insert into payment (paymentid, invoiceid, amountpaid, paymentmethod) values (84, 62, 175059, 'debit card');
insert into payment (paymentid, invoiceid, amountpaid, paymentmethod) values (85, 52, 279473, 'cash');
insert into payment (paymentid, invoiceid, amountpaid, paymentmethod) values (86, 61, 350471, 'PayPal');
insert into payment (paymentid, invoiceid, amountpaid, paymentmethod) values (87, 1, 648974, 'PayPal');
insert into payment (paymentid, invoiceid, amountpaid, paymentmethod) values (88, 38, 304085, 'credit card');
insert into payment (paymentid, invoiceid, amountpaid, paymentmethod) values (89, 96, 182312, 'cash');
insert into payment (paymentid, invoiceid, amountpaid, paymentmethod) values (90, 58, 27518, 'credit card');
insert into payment (paymentid, invoiceid, amountpaid, paymentmethod) values (91, 28, 791771, 'Venmo');
insert into payment (paymentid, invoiceid, amountpaid, paymentmethod) values (92, 72, 212325, 'debit card');
insert into payment (paymentid, invoiceid, amountpaid, paymentmethod) values (93, 61, 228358, 'credit card');
insert into payment (paymentid, invoiceid, amountpaid, paymentmethod) values (94, 24, 978539, 'debit card');
insert into payment (paymentid, invoiceid, amountpaid, paymentmethod) values (95, 6, 295247, 'credit card');
insert into payment (paymentid, invoiceid, amountpaid, paymentmethod) values (96, 83, 990913, 'credit card');
insert into payment (paymentid, invoiceid, amountpaid, paymentmethod) values (97, 98, 56651, 'cash');
insert into payment (paymentid, invoiceid, amountpaid, paymentmethod) values (98, 45, 142573, 'credit card');
insert into payment (paymentid, invoiceid, amountpaid, paymentmethod) values (99, 82, 32805, 'Venmo');
insert into payment (paymentid, invoiceid, amountpaid, paymentmethod) values (100, 27, 863034, 'Venmo');
insert into returns (returnid, invoiceid, productid, refundamount, reason, returndate, status) values (1, 5, 60, 53652, 'wrong size', '2024-12-24', 'Rejected');
insert into returns (returnid, invoiceid, productid, refundamount, reason, returndate, status) values (2, 42, 38, 68746, 'received wrong item', '2025-01-21', 'Approved');
insert into returns (returnid, invoiceid, productid, refundamount, reason, returndate, status) values (3, 89, 42, 73530, 'received wrong item', '2025-01-26', 'Approved');
insert into returns (returnid, invoiceid, productid, refundamount, reason, returndate, status) values (4, 8, 62, 7430, 'changed mind', '2024-04-05', 'Rejected');
insert into returns (returnid, invoiceid, productid, refundamount, reason, returndate, status) values (5, 36, 55, 39861, 'defective product', '2024-07-23', 'Rejected');
insert into returns (returnid, invoiceid, productid, refundamount, reason, returndate, status) values (6, 93, 83, 79281, 'wrong size', '2024-09-19', 'Rejected');
insert into returns (returnid, invoiceid, productid, refundamount, reason, returndate, status) values (7, 40, 29, 45227, 'defective product', '2024-03-26', 'Rejected');
insert into returns (returnid, invoiceid, productid, refundamount, reason, returndate, status) values (8, 82, 15, 28417, 'changed mind', '2024-12-31', 'Rejected');
insert into returns (returnid, invoiceid, productid, refundamount, reason, returndate, status) values (9, 64, 64, 89826, 'received wrong item', '2024-03-30', 'Approved');
insert into returns (returnid, invoiceid, productid, refundamount, reason, returndate, status) values (10, 32, 41, 12428, 'wrong size', '2025-01-01', 'Approved');
insert into returns (returnid, invoiceid, productid, refundamount, reason, returndate, status) values (11, 46, 91, 9901, 'received wrong item', '2025-01-03', 'Rejected');
insert into returns (returnid, invoiceid, productid, refundamount, reason, returndate, status) values (12, 52, 91, 92689, 'defective product', '2024-11-14', 'Pending');
insert into returns (returnid, invoiceid, productid, refundamount, reason, returndate, status) values (13, 13, 32, 51261, 'received wrong item', '2024-02-29', 'Rejected');
insert into returns (returnid, invoiceid, productid, refundamount, reason, returndate, status) values (14, 53, 51, 82684, 'wrong size', '2024-11-12', 'Approved');
insert into returns (returnid, invoiceid, productid, refundamount, reason, returndate, status) values (15, 54, 61, 38497, 'wrong size', '2024-04-29', 'Rejected');
insert into returns (returnid, invoiceid, productid, refundamount, reason, returndate, status) values (16, 44, 61, 13167, 'received wrong item', '2025-01-24', 'Rejected');
insert into returns (returnid, invoiceid, productid, refundamount, reason, returndate, status) values (17, 39, 62, 87737, 'received wrong item', '2024-04-08', 'Rejected');
insert into returns (returnid, invoiceid, productid, refundamount, reason, returndate, status) values (18, 91, 15, 67255, 'received wrong item', '2024-09-14', 'Pending');
insert into returns (returnid, invoiceid, productid, refundamount, reason, returndate, status) values (19, 3, 61, 17342, 'defective product', '2024-08-26', 'Rejected');
insert into returns (returnid, invoiceid, productid, refundamount, reason, returndate, status) values (20, 4, 100, 66859, 'wrong size', '2024-09-30', 'Approved');
insert into returns (returnid, invoiceid, productid, refundamount, reason, returndate, status) values (21, 56, 14, 47156, 'item not as described', '2025-01-08', 'Pending');
insert into returns (returnid, invoiceid, productid, refundamount, reason, returndate, status) values (22, 58, 16, 31269, 'changed mind', '2024-05-14', 'Rejected');
insert into returns (returnid, invoiceid, productid, refundamount, reason, returndate, status) values (23, 5, 44, 90462, 'defective product', '2024-06-08', 'Rejected');
insert into returns (returnid, invoiceid, productid, refundamount, reason, returndate, status) values (24, 99, 34, 10396, 'changed mind', '2025-02-09', 'Rejected');
insert into returns (returnid, invoiceid, productid, refundamount, reason, returndate, status) values (25, 11, 82, 24549, 'wrong size', '2024-07-16', 'Rejected');
insert into returns (returnid, invoiceid, productid, refundamount, reason, returndate, status) values (26, 43, 73, 92678, 'defective product', '2024-11-16', 'Approved');
insert into returns (returnid, invoiceid, productid, refundamount, reason, returndate, status) values (27, 38, 99, 36732, 'item not as described', '2024-06-21', 'Approved');
insert into returns (returnid, invoiceid, productid, refundamount, reason, returndate, status) values (28, 36, 4, 49062, 'received wrong item', '2025-01-20', 'Pending');
insert into returns (returnid, invoiceid, productid, refundamount, reason, returndate, status) values (29, 82, 56, 72374, 'defective product', '2024-06-28', 'Rejected');
insert into returns (returnid, invoiceid, productid, refundamount, reason, returndate, status) values (30, 56, 28, 26540, 'wrong size', '2024-12-09', 'Rejected');
insert into returns (returnid, invoiceid, productid, refundamount, reason, returndate, status) values (31, 18, 81, 22270, 'changed mind', '2024-07-29', 'Pending');
insert into returns (returnid, invoiceid, productid, refundamount, reason, returndate, status) values (32, 48, 78, 55536, 'changed mind', '2025-01-30', 'Pending');
insert into returns (returnid, invoiceid, productid, refundamount, reason, returndate, status) values (33, 84, 20, 17084, 'received wrong item', '2024-09-08', 'Pending');
insert into returns (returnid, invoiceid, productid, refundamount, reason, returndate, status) values (34, 95, 53, 49392, 'item not as described', '2024-12-15', 'Rejected');
insert into returns (returnid, invoiceid, productid, refundamount, reason, returndate, status) values (35, 52, 81, 80255, 'defective product', '2024-10-01', 'Pending');
insert into returns (returnid, invoiceid, productid, refundamount, reason, returndate, status) values (36, 76, 33, 66084, 'defective product', '2024-12-10', 'Approved');
insert into returns (returnid, invoiceid, productid, refundamount, reason, returndate, status) values (37, 17, 92, 48830, 'item not as described', '2024-12-23', 'Approved');
insert into returns (returnid, invoiceid, productid, refundamount, reason, returndate, status) values (38, 16, 41, 97010, 'wrong size', '2024-06-15', 'Approved');
insert into returns (returnid, invoiceid, productid, refundamount, reason, returndate, status) values (39, 47, 71, 51699, 'item not as described', '2025-02-10', 'Approved');
insert into returns (returnid, invoiceid, productid, refundamount, reason, returndate, status) values (40, 39, 66, 62610, 'changed mind', '2024-06-03', 'Approved');
insert into returns (returnid, invoiceid, productid, refundamount, reason, returndate, status) values (41, 12, 54, 26417, 'defective product', '2024-09-12', 'Approved');
insert into returns (returnid, invoiceid, productid, refundamount, reason, returndate, status) values (42, 23, 28, 38754, 'item not as described', '2024-07-01', 'Pending');
insert into returns (returnid, invoiceid, productid, refundamount, reason, returndate, status) values (43, 41, 62, 79667, 'received wrong item', '2024-03-07', 'Approved');
insert into returns (returnid, invoiceid, productid, refundamount, reason, returndate, status) values (44, 41, 23, 36999, 'changed mind', '2024-10-26', 'Pending');
insert into returns (returnid, invoiceid, productid, refundamount, reason, returndate, status) values (45, 46, 30, 95146, 'item not as described', '2024-06-13', 'Rejected');
insert into returns (returnid, invoiceid, productid, refundamount, reason, returndate, status) values (46, 57, 66, 97946, 'defective product', '2024-11-08', 'Rejected');
insert into returns (returnid, invoiceid, productid, refundamount, reason, returndate, status) values (47, 23, 6, 21235, 'defective product', '2024-06-28', 'Pending');
insert into returns (returnid, invoiceid, productid, refundamount, reason, returndate, status) values (48, 62, 24, 18721, 'defective product', '2024-05-20', 'Approved');
insert into returns (returnid, invoiceid, productid, refundamount, reason, returndate, status) values (49, 89, 29, 75060, 'received wrong item', '2024-11-22', 'Rejected');
insert into returns (returnid, invoiceid, productid, refundamount, reason, returndate, status) values (50, 95, 8, 63022, 'wrong size', '2024-07-09', 'Approved');
insert into returns (returnid, invoiceid, productid, refundamount, reason, returndate, status) values (51, 26, 89, 83379, 'received wrong item', '2024-05-15', 'Rejected');
insert into returns (returnid, invoiceid, productid, refundamount, reason, returndate, status) values (52, 87, 25, 48693, 'changed mind', '2024-11-30', 'Rejected');
insert into returns (returnid, invoiceid, productid, refundamount, reason, returndate, status) values (53, 27, 51, 68957, 'received wrong item', '2024-02-27', 'Pending');
insert into returns (returnid, invoiceid, productid, refundamount, reason, returndate, status) values (54, 78, 71, 48801, 'changed mind', '2024-05-16', 'Approved');
insert into returns (returnid, invoiceid, productid, refundamount, reason, returndate, status) values (55, 66, 88, 13290, 'received wrong item', '2024-04-25', 'Rejected');
insert into returns (returnid, invoiceid, productid, refundamount, reason, returndate, status) values (56, 69, 30, 91908, 'received wrong item', '2024-03-05', 'Pending');
insert into returns (returnid, invoiceid, productid, refundamount, reason, returndate, status) values (57, 100, 75, 80658, 'changed mind', '2024-03-17', 'Approved');
insert into returns (returnid, invoiceid, productid, refundamount, reason, returndate, status) values (58, 45, 65, 34494, 'changed mind', '2024-10-27', 'Pending');
insert into returns (returnid, invoiceid, productid, refundamount, reason, returndate, status) values (59, 26, 98, 88789, 'received wrong item', '2024-04-05', 'Approved');
insert into returns (returnid, invoiceid, productid, refundamount, reason, returndate, status) values (60, 27, 17, 12797, 'received wrong item', '2024-02-18', 'Approved');
insert into returns (returnid, invoiceid, productid, refundamount, reason, returndate, status) values (61, 83, 96, 96211, 'wrong size', '2024-03-18', 'Rejected');
insert into returns (returnid, invoiceid, productid, refundamount, reason, returndate, status) values (62, 3, 23, 9551, 'defective product', '2024-06-17', 'Pending');
insert into returns (returnid, invoiceid, productid, refundamount, reason, returndate, status) values (63, 21, 60, 89691, 'changed mind', '2024-05-13', 'Pending');
insert into returns (returnid, invoiceid, productid, refundamount, reason, returndate, status) values (64, 95, 58, 48257, 'received wrong item', '2024-10-10', 'Approved');
insert into returns (returnid, invoiceid, productid, refundamount, reason, returndate, status) values (65, 36, 36, 52582, 'item not as described', '2024-05-09', 'Pending');
insert into returns (returnid, invoiceid, productid, refundamount, reason, returndate, status) values (66, 54, 61, 52894, 'item not as described', '2024-05-09', 'Rejected');
insert into returns (returnid, invoiceid, productid, refundamount, reason, returndate, status) values (67, 75, 49, 54754, 'item not as described', '2024-12-16', 'Approved');
insert into returns (returnid, invoiceid, productid, refundamount, reason, returndate, status) values (68, 4, 19, 23860, 'wrong size', '2024-04-14', 'Rejected');
insert into returns (returnid, invoiceid, productid, refundamount, reason, returndate, status) values (69, 26, 7, 7170, 'wrong size', '2024-03-21', 'Rejected');
insert into returns (returnid, invoiceid, productid, refundamount, reason, returndate, status) values (70, 41, 81, 11875, 'defective product', '2024-09-07', 'Pending');
insert into returns (returnid, invoiceid, productid, refundamount, reason, returndate, status) values (71, 40, 40, 76543, 'item not as described', '2024-10-06', 'Approved');
insert into returns (returnid, invoiceid, productid, refundamount, reason, returndate, status) values (72, 19, 49, 90767, 'wrong size', '2024-08-21', 'Rejected');
insert into returns (returnid, invoiceid, productid, refundamount, reason, returndate, status) values (73, 85, 43, 88247, 'item not as described', '2024-10-29', 'Rejected');
insert into returns (returnid, invoiceid, productid, refundamount, reason, returndate, status) values (74, 96, 90, 80149, 'wrong size', '2024-10-16', 'Approved');
insert into returns (returnid, invoiceid, productid, refundamount, reason, returndate, status) values (75, 82, 63, 61987, 'changed mind', '2024-11-06', 'Pending');
insert into returns (returnid, invoiceid, productid, refundamount, reason, returndate, status) values (76, 37, 23, 65817, 'received wrong item', '2024-08-20', 'Approved');
insert into returns (returnid, invoiceid, productid, refundamount, reason, returndate, status) values (77, 13, 67, 67589, 'item not as described', '2024-07-07', 'Rejected');
insert into returns (returnid, invoiceid, productid, refundamount, reason, returndate, status) values (78, 9, 80, 94010, 'defective product', '2024-02-27', 'Approved');
insert into returns (returnid, invoiceid, productid, refundamount, reason, returndate, status) values (79, 100, 33, 17818, 'changed mind', '2024-08-21', 'Approved');
insert into returns (returnid, invoiceid, productid, refundamount, reason, returndate, status) values (80, 79, 2, 71582, 'wrong size', '2024-07-01', 'Rejected');
insert into returns (returnid, invoiceid, productid, refundamount, reason, returndate, status) values (81, 85, 91, 54860, 'received wrong item', '2024-06-03', 'Approved');
insert into returns (returnid, invoiceid, productid, refundamount, reason, returndate, status) values (82, 31, 87, 14678, 'item not as described', '2025-01-27', 'Rejected');
insert into returns (returnid, invoiceid, productid, refundamount, reason, returndate, status) values (83, 73, 57, 5236, 'defective product', '2024-06-23', 'Approved');
insert into returns (returnid, invoiceid, productid, refundamount, reason, returndate, status) values (84, 64, 1, 39754, 'received wrong item', '2025-01-20', 'Rejected');
insert into returns (returnid, invoiceid, productid, refundamount, reason, returndate, status) values (85, 98, 24, 5920, 'wrong size', '2024-06-23', 'Approved');
insert into returns (returnid, invoiceid, productid, refundamount, reason, returndate, status) values (86, 55, 98, 93631, 'wrong size', '2024-03-03', 'Rejected');
insert into returns (returnid, invoiceid, productid, refundamount, reason, returndate, status) values (87, 54, 35, 95551, 'received wrong item', '2024-05-06', 'Pending');
insert into returns (returnid, invoiceid, productid, refundamount, reason, returndate, status) values (88, 48, 19, 36530, 'defective product', '2024-07-15', 'Approved');
insert into returns (returnid, invoiceid, productid, refundamount, reason, returndate, status) values (89, 69, 71, 80291, 'item not as described', '2024-07-16', 'Rejected');
insert into returns (returnid, invoiceid, productid, refundamount, reason, returndate, status) values (90, 72, 97, 34667, 'defective product', '2024-10-03', 'Rejected');
insert into returns (returnid, invoiceid, productid, refundamount, reason, returndate, status) values (91, 66, 6, 24867, 'defective product', '2024-03-06', 'Pending');
insert into returns (returnid, invoiceid, productid, refundamount, reason, returndate, status) values (92, 59, 84, 2511, 'received wrong item', '2024-11-19', 'Pending');
insert into returns (returnid, invoiceid, productid, refundamount, reason, returndate, status) values (93, 56, 23, 79334, 'received wrong item', '2024-10-11', 'Approved');
insert into returns (returnid, invoiceid, productid, refundamount, reason, returndate, status) values (94, 19, 97, 9341, 'defective product', '2024-10-30', 'Approved');
insert into returns (returnid, invoiceid, productid, refundamount, reason, returndate, status) values (95, 55, 89, 8347, 'item not as described', '2024-12-03', 'Approved');
insert into returns (returnid, invoiceid, productid, refundamount, reason, returndate, status) values (96, 7, 47, 21724, 'item not as described', '2024-03-26', 'Pending');
insert into returns (returnid, invoiceid, productid, refundamount, reason, returndate, status) values (97, 32, 66, 34151, 'changed mind', '2024-02-28', 'Pending');
insert into returns (returnid, invoiceid, productid, refundamount, reason, returndate, status) values (98, 33, 9, 50006, 'changed mind', '2024-08-20', 'Rejected');
insert into returns (returnid, invoiceid, productid, refundamount, reason, returndate, status) values (99, 30, 51, 8933, 'defective product', '2024-06-22', 'Pending');
insert into returns (returnid, invoiceid, productid, refundamount, reason, returndate, status) values (100, 96, 81, 60582, 'received wrong item', '2024-06-20', 'Approved');
insert into feedback (feedbackid, customerid, rating, comments, responsestatus) values (1, 94, 1, 'Great product!', 'Resolved');
insert into feedback (feedbackid, customerid, rating, comments, responsestatus) values (2, 61, 1, 'Could be better.', 'Pending');
insert into feedback (feedbackid, customerid, rating, comments, responsestatus) values (3, 143, 1, 'Great product!', 'Resolved');
insert into feedback (feedbackid, customerid, rating, comments, responsestatus) values (4, 76, 2, 'Great product!', 'Pending');
insert into feedback (feedbackid, customerid, rating, comments, responsestatus) values (5, 55, 4, 'Highly recommend.', 'Pending');
insert into feedback (feedbackid, customerid, rating, comments, responsestatus) values (6, 67, 3, 'Not worth the money.', 'Pending');
insert into feedback (feedbackid, customerid, rating, comments, responsestatus) values (7, 169, 2, 'Highly recommend.', 'Resolved');
insert into feedback (feedbackid, customerid, rating, comments, responsestatus) values (8, 140, 5, 'Highly recommend.', 'Pending');
insert into feedback (feedbackid, customerid, rating, comments, responsestatus) values (9, 90, 3, 'Highly recommend.', 'Pending');
insert into feedback (feedbackid, customerid, rating, comments, responsestatus) values (10, 51, 1, 'Highly recommend.', 'Resolved');
insert into feedback (feedbackid, customerid, rating, comments, responsestatus) values (11, 122, 4, 'Great product!', 'Pending');
insert into feedback (feedbackid, customerid, rating, comments, responsestatus) values (12, 99, 3, 'Highly recommend.', 'Resolved');
insert into feedback (feedbackid, customerid, rating, comments, responsestatus) values (13, 47, 3, 'Could be better.', 'Pending');
insert into feedback (feedbackid, customerid, rating, comments, responsestatus) values (14, 60, 1, 'Great product!', 'Resolved');
insert into feedback (feedbackid, customerid, rating, comments, responsestatus) values (15, 62, 3, 'Great product!', 'Pending');
insert into feedback (feedbackid, customerid, rating, comments, responsestatus) values (16, 88, 3, 'Great product!', 'Pending');
insert into feedback (feedbackid, customerid, rating, comments, responsestatus) values (17, 44, 4, 'Not worth the money.', 'Pending');
insert into feedback (feedbackid, customerid, rating, comments, responsestatus) values (18, 33, 2, 'Highly recommend.', 'Pending');
insert into feedback (feedbackid, customerid, rating, comments, responsestatus) values (19, 25, 3, 'Could be better.', 'Pending');
insert into feedback (feedbackid, customerid, rating, comments, responsestatus) values (20, 157, 2, 'Great product!', 'Pending');
insert into feedback (feedbackid, customerid, rating, comments, responsestatus) values (21, 81, 5, 'Could be better.', 'Pending');
insert into feedback (feedbackid, customerid, rating, comments, responsestatus) values (22, 100, 5, 'Could be better.', 'Pending');
insert into feedback (feedbackid, customerid, rating, comments, responsestatus) values (23, 96, 2, 'Great product!', 'Resolved');
insert into feedback (feedbackid, customerid, rating, comments, responsestatus) values (24, 81, 2, 'Great product!', 'Resolved');
insert into feedback (feedbackid, customerid, rating, comments, responsestatus) values (25, 37, 1, 'Not worth the money.', 'Resolved');
insert into feedback (feedbackid, customerid, rating, comments, responsestatus) values (26, 142, 5, 'Not worth the money.', 'Pending');
insert into feedback (feedbackid, customerid, rating, comments, responsestatus) values (27, 143, 3, 'Highly recommend.', 'Resolved');
insert into feedback (feedbackid, customerid, rating, comments, responsestatus) values (28, 161, 3, 'Highly recommend.', 'Pending');
insert into feedback (feedbackid, customerid, rating, comments, responsestatus) values (29, 110, 2, 'Could be better.', 'Resolved');
insert into feedback (feedbackid, customerid, rating, comments, responsestatus) values (30, 111, 1, 'Highly recommend.', 'Resolved');
insert into feedback (feedbackid, customerid, rating, comments, responsestatus) values (31, 23, 1, 'Could be better.', 'Resolved');
insert into feedback (feedbackid, customerid, rating, comments, responsestatus) values (32, 129, 5, 'Not worth the money.', 'Resolved');
insert into feedback (feedbackid, customerid, rating, comments, responsestatus) values (33, 157, 5, 'Could be better.', 'Resolved');
insert into feedback (feedbackid, customerid, rating, comments, responsestatus) values (34, 174, 2, 'Could be better.', 'Resolved');
insert into feedback (feedbackid, customerid, rating, comments, responsestatus) values (35, 165, 2, 'Not worth the money.', 'Resolved');
insert into feedback (feedbackid, customerid, rating, comments, responsestatus) values (36, 172, 4, 'Great product!', 'Pending');
insert into feedback (feedbackid, customerid, rating, comments, responsestatus) values (37, 4, 1, 'Could be better.', 'Pending');
insert into feedback (feedbackid, customerid, rating, comments, responsestatus) values (38, 13, 1, 'Not worth the money.', 'Pending');
insert into feedback (feedbackid, customerid, rating, comments, responsestatus) values (39, 10, 1, 'Could be better.', 'Resolved');
insert into feedback (feedbackid, customerid, rating, comments, responsestatus) values (40, 52, 1, 'Could be better.', 'Pending');
insert into feedback (feedbackid, customerid, rating, comments, responsestatus) values (41, 7, 1, 'Not worth the money.', 'Pending');
insert into feedback (feedbackid, customerid, rating, comments, responsestatus) values (42, 97, 5, 'Not worth the money.', 'Pending');
insert into feedback (feedbackid, customerid, rating, comments, responsestatus) values (43, 117, 4, 'Highly recommend.', 'Pending');
insert into feedback (feedbackid, customerid, rating, comments, responsestatus) values (44, 156, 1, 'Could be better.', 'Resolved');
insert into feedback (feedbackid, customerid, rating, comments, responsestatus) values (45, 170, 2, 'Could be better.', 'Pending');
insert into feedback (feedbackid, customerid, rating, comments, responsestatus) values (46, 109, 2, 'Could be better.', 'Resolved');
insert into feedback (feedbackid, customerid, rating, comments, responsestatus) values (47, 46, 5, 'Great product!', 'Pending');
insert into feedback (feedbackid, customerid, rating, comments, responsestatus) values (48, 146, 5, 'Not worth the money.', 'Resolved');
insert into feedback (feedbackid, customerid, rating, comments, responsestatus) values (49, 92, 2, 'Could be better.', 'Pending');
insert into feedback (feedbackid, customerid, rating, comments, responsestatus) values (50, 167, 5, 'Not worth the money.', 'Pending');
insert into feedback (feedbackid, customerid, rating, comments, responsestatus) values (51, 169, 3, 'Could be better.', 'Pending');
insert into feedback (feedbackid, customerid, rating, comments, responsestatus) values (52, 6, 1, 'Not worth the money.', 'Resolved');
insert into feedback (feedbackid, customerid, rating, comments, responsestatus) values (53, 172, 3, 'Not worth the money.', 'Pending');
insert into feedback (feedbackid, customerid, rating, comments, responsestatus) values (54, 17, 1, 'Great product!', 'Pending');
insert into feedback (feedbackid, customerid, rating, comments, responsestatus) values (55, 71, 1, 'Great product!', 'Pending');
insert into feedback (feedbackid, customerid, rating, comments, responsestatus) values (56, 59, 2, 'Highly recommend.', 'Resolved');
insert into feedback (feedbackid, customerid, rating, comments, responsestatus) values (57, 146, 2, 'Highly recommend.', 'Pending');
insert into feedback (feedbackid, customerid, rating, comments, responsestatus) values (58, 58, 5, 'Highly recommend.', 'Pending');
insert into feedback (feedbackid, customerid, rating, comments, responsestatus) values (59, 110, 3, 'Not worth the money.', 'Pending');
insert into feedback (feedbackid, customerid, rating, comments, responsestatus) values (60, 113, 2, 'Great product!', 'Pending');
insert into feedback (feedbackid, customerid, rating, comments, responsestatus) values (61, 95, 5, 'Great product!', 'Pending');
insert into feedback (feedbackid, customerid, rating, comments, responsestatus) values (62, 35, 1, 'Could be better.', 'Resolved');
insert into feedback (feedbackid, customerid, rating, comments, responsestatus) values (63, 171, 5, 'Great product!', 'Resolved');
insert into feedback (feedbackid, customerid, rating, comments, responsestatus) values (64, 152, 5, 'Great product!', 'Resolved');
insert into feedback (feedbackid, customerid, rating, comments, responsestatus) values (65, 105, 3, 'Could be better.', 'Resolved');
insert into feedback (feedbackid, customerid, rating, comments, responsestatus) values (66, 159, 2, 'Could be better.', 'Pending');
insert into feedback (feedbackid, customerid, rating, comments, responsestatus) values (67, 36, 1, 'Could be better.', 'Pending');
insert into feedback (feedbackid, customerid, rating, comments, responsestatus) values (68, 14, 3, 'Highly recommend.', 'Resolved');
insert into feedback (feedbackid, customerid, rating, comments, responsestatus) values (69, 152, 3, 'Could be better.', 'Pending');
insert into feedback (feedbackid, customerid, rating, comments, responsestatus) values (70, 9, 2, 'Highly recommend.', 'Resolved');
insert into feedback (feedbackid, customerid, rating, comments, responsestatus) values (71, 56, 5, 'Great product!', 'Pending');
insert into feedback (feedbackid, customerid, rating, comments, responsestatus) values (72, 46, 3, 'Not worth the money.', 'Resolved');
insert into feedback (feedbackid, customerid, rating, comments, responsestatus) values (73, 13, 3, 'Highly recommend.', 'Resolved');
insert into feedback (feedbackid, customerid, rating, comments, responsestatus) values (74, 10, 3, 'Could be better.', 'Pending');
insert into feedback (feedbackid, customerid, rating, comments, responsestatus) values (75, 107, 2, 'Highly recommend.', 'Resolved');
insert into feedback (feedbackid, customerid, rating, comments, responsestatus) values (76, 123, 1, 'Great product!', 'Resolved');
insert into feedback (feedbackid, customerid, rating, comments, responsestatus) values (77, 76, 1, 'Not worth the money.', 'Pending');
insert into feedback (feedbackid, customerid, rating, comments, responsestatus) values (78, 141, 5, 'Not worth the money.', 'Pending');
insert into feedback (feedbackid, customerid, rating, comments, responsestatus) values (79, 38, 2, 'Not worth the money.', 'Resolved');
insert into feedback (feedbackid, customerid, rating, comments, responsestatus) values (80, 102, 3, 'Great product!', 'Pending');
insert into feedback (feedbackid, customerid, rating, comments, responsestatus) values (81, 129, 3, 'Could be better.', 'Pending');
insert into feedback (feedbackid, customerid, rating, comments, responsestatus) values (82, 27, 2, 'Highly recommend.', 'Pending');
insert into feedback (feedbackid, customerid, rating, comments, responsestatus) values (83, 110, 3, 'Could be better.', 'Resolved');
insert into feedback (feedbackid, customerid, rating, comments, responsestatus) values (84, 89, 1, 'Could be better.', 'Resolved');
insert into feedback (feedbackid, customerid, rating, comments, responsestatus) values (85, 125, 2, 'Could be better.', 'Pending');
insert into feedback (feedbackid, customerid, rating, comments, responsestatus) values (86, 101, 4, 'Not worth the money.', 'Resolved');
insert into feedback (feedbackid, customerid, rating, comments, responsestatus) values (87, 70, 3, 'Highly recommend.', 'Resolved');
insert into feedback (feedbackid, customerid, rating, comments, responsestatus) values (88, 38, 4, 'Highly recommend.', 'Pending');
insert into feedback (feedbackid, customerid, rating, comments, responsestatus) values (89, 61, 5, 'Great product!', 'Pending');
insert into feedback (feedbackid, customerid, rating, comments, responsestatus) values (90, 133, 2, 'Great product!', 'Pending');
insert into feedback (feedbackid, customerid, rating, comments, responsestatus) values (91, 17, 3, 'Could be better.', 'Pending');
insert into feedback (feedbackid, customerid, rating, comments, responsestatus) values (92, 123, 3, 'Great product!', 'Pending');
insert into feedback (feedbackid, customerid, rating, comments, responsestatus) values (93, 86, 5, 'Great product!', 'Resolved');
insert into feedback (feedbackid, customerid, rating, comments, responsestatus) values (94, 110, 5, 'Highly recommend.', 'Resolved');
insert into feedback (feedbackid, customerid, rating, comments, responsestatus) values (95, 31, 1, 'Could be better.', 'Pending');
insert into feedback (feedbackid, customerid, rating, comments, responsestatus) values (96, 29, 5, 'Great product!', 'Resolved');
insert into feedback (feedbackid, customerid, rating, comments, responsestatus) values (97, 107, 3, 'Not worth the money.', 'Pending');
insert into feedback (feedbackid, customerid, rating, comments, responsestatus) values (98, 42, 2, 'Great product!', 'Pending');
insert into feedback (feedbackid, customerid, rating, comments, responsestatus) values (99, 169, 5, 'Not worth the money.', 'Resolved');
insert into feedback (feedbackid, customerid, rating, comments, responsestatus) values (100, 13, 2, 'Great product!', 'Pending');
insert into complaints (complaintid, customerid, issuedescription, resolutionstatus) values (1, 33, 'Product not working', 'Resolved');
insert into complaints (complaintid, customerid, issuedescription, resolutionstatus) values (2, 44, 'Received wrong item', 'In Progress');
insert into complaints (complaintid, customerid, issuedescription, resolutionstatus) values (3, 13, 'Poor quality product', 'Pending');
insert into complaints (complaintid, customerid, issuedescription, resolutionstatus) values (4, 146, 'Received wrong item', 'Resolved');
insert into complaints (complaintid, customerid, issuedescription, resolutionstatus) values (5, 59, 'Product not working', 'In Progress');
insert into complaints (complaintid, customerid, issuedescription, resolutionstatus) values (6, 83, 'Poor quality product', 'Resolved');
insert into complaints (complaintid, customerid, issuedescription, resolutionstatus) values (7, 49, 'Poor quality product', 'In Progress');
insert into complaints (complaintid, customerid, issuedescription, resolutionstatus) values (8, 94, 'Received wrong item', 'Resolved');
insert into complaints (complaintid, customerid, issuedescription, resolutionstatus) values (9, 142, 'Product not working', 'Resolved');
insert into complaints (complaintid, customerid, issuedescription, resolutionstatus) values (10, 155, 'Received wrong item', 'Resolved');
insert into complaints (complaintid, customerid, issuedescription, resolutionstatus) values (11, 122, 'Item damaged during shipping', 'Resolved');
insert into complaints (complaintid, customerid, issuedescription, resolutionstatus) values (12, 5, 'Poor quality product', 'Resolved');
insert into complaints (complaintid, customerid, issuedescription, resolutionstatus) values (13, 86, 'Item damaged during shipping', 'In Progress');
insert into complaints (complaintid, customerid, issuedescription, resolutionstatus) values (14, 116, 'Item damaged during shipping', 'Pending');
insert into complaints (complaintid, customerid, issuedescription, resolutionstatus) values (15, 45, 'Item damaged during shipping', 'In Progress');
insert into complaints (complaintid, customerid, issuedescription, resolutionstatus) values (16, 141, 'Product not working', 'Resolved');
insert into complaints (complaintid, customerid, issuedescription, resolutionstatus) values (17, 94, 'Poor quality product', 'Pending');
insert into complaints (complaintid, customerid, issuedescription, resolutionstatus) values (18, 50, 'Received wrong item', 'In Progress');
insert into complaints (complaintid, customerid, issuedescription, resolutionstatus) values (19, 89, 'Item damaged during shipping', 'In Progress');
insert into complaints (complaintid, customerid, issuedescription, resolutionstatus) values (20, 88, 'Item damaged during shipping', 'Resolved');
insert into complaints (complaintid, customerid, issuedescription, resolutionstatus) values (21, 113, 'Item damaged during shipping', 'In Progress');
insert into complaints (complaintid, customerid, issuedescription, resolutionstatus) values (22, 72, 'Received wrong item', 'Pending');
insert into complaints (complaintid, customerid, issuedescription, resolutionstatus) values (23, 73, 'Received wrong item', 'Pending');
insert into complaints (complaintid, customerid, issuedescription, resolutionstatus) values (24, 134, 'Received wrong item', 'Resolved');
insert into complaints (complaintid, customerid, issuedescription, resolutionstatus) values (25, 22, 'Product not working', 'In Progress');
insert into complaints (complaintid, customerid, issuedescription, resolutionstatus) values (26, 139, 'Received wrong item', 'In Progress');
insert into complaints (complaintid, customerid, issuedescription, resolutionstatus) values (27, 68, 'Poor quality product', 'Resolved');
insert into complaints (complaintid, customerid, issuedescription, resolutionstatus) values (28, 175, 'Received wrong item', 'In Progress');
insert into complaints (complaintid, customerid, issuedescription, resolutionstatus) values (29, 161, 'Received wrong item', 'In Progress');
insert into complaints (complaintid, customerid, issuedescription, resolutionstatus) values (30, 8, 'Received wrong item', 'In Progress');
insert into complaints (complaintid, customerid, issuedescription, resolutionstatus) values (31, 12, 'Item damaged during shipping', 'In Progress');
insert into complaints (complaintid, customerid, issuedescription, resolutionstatus) values (32, 175, 'Product not working', 'Resolved');
insert into complaints (complaintid, customerid, issuedescription, resolutionstatus) values (33, 120, 'Received wrong item', 'In Progress');
insert into complaints (complaintid, customerid, issuedescription, resolutionstatus) values (34, 47, 'Item damaged during shipping', 'In Progress');
insert into complaints (complaintid, customerid, issuedescription, resolutionstatus) values (35, 17, 'Item damaged during shipping', 'In Progress');
insert into complaints (complaintid, customerid, issuedescription, resolutionstatus) values (36, 16, 'Poor quality product', 'Resolved');
insert into complaints (complaintid, customerid, issuedescription, resolutionstatus) values (37, 9, 'Item damaged during shipping', 'Pending');
insert into complaints (complaintid, customerid, issuedescription, resolutionstatus) values (38, 64, 'Item damaged during shipping', 'Resolved');
insert into complaints (complaintid, customerid, issuedescription, resolutionstatus) values (39, 154, 'Received wrong item', 'Pending');
insert into complaints (complaintid, customerid, issuedescription, resolutionstatus) values (40, 76, 'Product not working', 'Resolved');
insert into complaints (complaintid, customerid, issuedescription, resolutionstatus) values (41, 52, 'Item damaged during shipping', 'Resolved');
insert into complaints (complaintid, customerid, issuedescription, resolutionstatus) values (42, 3, 'Product not working', 'Resolved');
insert into complaints (complaintid, customerid, issuedescription, resolutionstatus) values (43, 159, 'Poor quality product', 'In Progress');
insert into complaints (complaintid, customerid, issuedescription, resolutionstatus) values (44, 18, 'Item damaged during shipping', 'In Progress');
insert into complaints (complaintid, customerid, issuedescription, resolutionstatus) values (45, 77, 'Received wrong item', 'Pending');
insert into complaints (complaintid, customerid, issuedescription, resolutionstatus) values (46, 67, 'Item damaged during shipping', 'Pending');
insert into complaints (complaintid, customerid, issuedescription, resolutionstatus) values (47, 30, 'Product not working', 'Resolved');
insert into complaints (complaintid, customerid, issuedescription, resolutionstatus) values (48, 127, 'Product not working', 'Resolved');
insert into complaints (complaintid, customerid, issuedescription, resolutionstatus) values (49, 137, 'Poor quality product', 'Pending');
insert into complaints (complaintid, customerid, issuedescription, resolutionstatus) values (50, 170, 'Received wrong item', 'In Progress');
insert into complaints (complaintid, customerid, issuedescription, resolutionstatus) values (51, 63, 'Received wrong item', 'Resolved');
insert into complaints (complaintid, customerid, issuedescription, resolutionstatus) values (52, 74, 'Item damaged during shipping', 'Resolved');
insert into complaints (complaintid, customerid, issuedescription, resolutionstatus) values (53, 116, 'Received wrong item', 'Pending');
insert into complaints (complaintid, customerid, issuedescription, resolutionstatus) values (54, 36, 'Item damaged during shipping', 'Pending');
insert into complaints (complaintid, customerid, issuedescription, resolutionstatus) values (55, 23, 'Poor quality product', 'In Progress');
insert into complaints (complaintid, customerid, issuedescription, resolutionstatus) values (56, 91, 'Item damaged during shipping', 'In Progress');
insert into complaints (complaintid, customerid, issuedescription, resolutionstatus) values (57, 97, 'Item damaged during shipping', 'In Progress');
insert into complaints (complaintid, customerid, issuedescription, resolutionstatus) values (58, 7, 'Item damaged during shipping', 'Pending');
insert into complaints (complaintid, customerid, issuedescription, resolutionstatus) values (59, 74, 'Poor quality product', 'In Progress');
insert into complaints (complaintid, customerid, issuedescription, resolutionstatus) values (60, 144, 'Product not working', 'In Progress');
insert into complaints (complaintid, customerid, issuedescription, resolutionstatus) values (61, 11, 'Item damaged during shipping', 'Resolved');
insert into complaints (complaintid, customerid, issuedescription, resolutionstatus) values (62, 18, 'Product not working', 'Pending');
insert into complaints (complaintid, customerid, issuedescription, resolutionstatus) values (63, 153, 'Item damaged during shipping', 'In Progress');
insert into complaints (complaintid, customerid, issuedescription, resolutionstatus) values (64, 8, 'Product not working', 'Resolved');
insert into complaints (complaintid, customerid, issuedescription, resolutionstatus) values (65, 92, 'Item damaged during shipping', 'In Progress');
insert into complaints (complaintid, customerid, issuedescription, resolutionstatus) values (66, 138, 'Product not working', 'Resolved');
insert into complaints (complaintid, customerid, issuedescription, resolutionstatus) values (67, 54, 'Poor quality product', 'Pending');
insert into complaints (complaintid, customerid, issuedescription, resolutionstatus) values (68, 153, 'Item damaged during shipping', 'Resolved');
insert into complaints (complaintid, customerid, issuedescription, resolutionstatus) values (69, 141, 'Poor quality product', 'In Progress');
insert into complaints (complaintid, customerid, issuedescription, resolutionstatus) values (70, 126, 'Received wrong item', 'Resolved');
insert into complaints (complaintid, customerid, issuedescription, resolutionstatus) values (71, 42, 'Product not working', 'Resolved');
insert into complaints (complaintid, customerid, issuedescription, resolutionstatus) values (72, 127, 'Received wrong item', 'In Progress');
insert into complaints (complaintid, customerid, issuedescription, resolutionstatus) values (73, 153, 'Product not working', 'In Progress');
insert into complaints (complaintid, customerid, issuedescription, resolutionstatus) values (74, 170, 'Received wrong item', 'Resolved');
insert into complaints (complaintid, customerid, issuedescription, resolutionstatus) values (75, 33, 'Product not working', 'Pending');
insert into complaints (complaintid, customerid, issuedescription, resolutionstatus) values (76, 45, 'Item damaged during shipping', 'Resolved');
insert into complaints (complaintid, customerid, issuedescription, resolutionstatus) values (77, 24, 'Item damaged during shipping', 'In Progress');
insert into complaints (complaintid, customerid, issuedescription, resolutionstatus) values (78, 12, 'Item damaged during shipping', 'Pending');
insert into complaints (complaintid, customerid, issuedescription, resolutionstatus) values (79, 147, 'Received wrong item', 'In Progress');
insert into complaints (complaintid, customerid, issuedescription, resolutionstatus) values (80, 134, 'Item damaged during shipping', 'Pending');
insert into complaints (complaintid, customerid, issuedescription, resolutionstatus) values (81, 166, 'Poor quality product', 'In Progress');
insert into complaints (complaintid, customerid, issuedescription, resolutionstatus) values (82, 111, 'Received wrong item', 'Pending');
insert into complaints (complaintid, customerid, issuedescription, resolutionstatus) values (83, 130, 'Product not working', 'In Progress');
insert into complaints (complaintid, customerid, issuedescription, resolutionstatus) values (84, 55, 'Item damaged during shipping', 'In Progress');
insert into complaints (complaintid, customerid, issuedescription, resolutionstatus) values (85, 66, 'Poor quality product', 'In Progress');
insert into complaints (complaintid, customerid, issuedescription, resolutionstatus) values (86, 88, 'Item damaged during shipping', 'Pending');
insert into complaints (complaintid, customerid, issuedescription, resolutionstatus) values (87, 15, 'Product not working', 'Pending');
insert into complaints (complaintid, customerid, issuedescription, resolutionstatus) values (88, 64, 'Item damaged during shipping', 'Pending');
insert into complaints (complaintid, customerid, issuedescription, resolutionstatus) values (89, 49, 'Poor quality product', 'Pending');
insert into complaints (complaintid, customerid, issuedescription, resolutionstatus) values (90, 132, 'Item damaged during shipping', 'In Progress');
insert into complaints (complaintid, customerid, issuedescription, resolutionstatus) values (91, 101, 'Item damaged during shipping', 'In Progress');
insert into complaints (complaintid, customerid, issuedescription, resolutionstatus) values (92, 122, 'Poor quality product', 'Resolved');
insert into complaints (complaintid, customerid, issuedescription, resolutionstatus) values (93, 9, 'Received wrong item', 'Pending');
insert into complaints (complaintid, customerid, issuedescription, resolutionstatus) values (94, 75, 'Poor quality product', 'Resolved');
insert into complaints (complaintid, customerid, issuedescription, resolutionstatus) values (95, 82, 'Item damaged during shipping', 'In Progress');
insert into complaints (complaintid, customerid, issuedescription, resolutionstatus) values (96, 147, 'Received wrong item', 'Resolved');
insert into complaints (complaintid, customerid, issuedescription, resolutionstatus) values (97, 17, 'Received wrong item', 'Pending');
insert into complaints (complaintid, customerid, issuedescription, resolutionstatus) values (98, 62, 'Product not working', 'Resolved');
insert into complaints (complaintid, customerid, issuedescription, resolutionstatus) values (99, 25, 'Item damaged during shipping', 'In Progress');
insert into complaints (complaintid, customerid, issuedescription, resolutionstatus) values (100, 153, 'Product not working', 'Resolved');
insert into purchaseorder (orderid, supplierid, orderdate, status, totalamount) values (1, 18, '2025-02-11', 'Shipped', 214095);
insert into purchaseorder (orderid, supplierid, orderdate, status, totalamount) values (2, 25, '2024-04-16', 'Shipped', 258279);
insert into purchaseorder (orderid, supplierid, orderdate, status, totalamount) values (3, 48, '2024-11-19', 'Cancelled', 182622);
insert into purchaseorder (orderid, supplierid, orderdate, status, totalamount) values (4, 18, '2024-04-06', 'Delivered', 372682);
insert into purchaseorder (orderid, supplierid, orderdate, status, totalamount) values (5, 48, '2024-08-13', 'Shipped', 377337);
insert into purchaseorder (orderid, supplierid, orderdate, status, totalamount) values (6, 6, '2024-08-10', 'Cancelled', 110759);
insert into purchaseorder (orderid, supplierid, orderdate, status, totalamount) values (7, 26, '2024-11-12', 'Pending', 268698);
insert into purchaseorder (orderid, supplierid, orderdate, status, totalamount) values (8, 22, '2024-05-11', 'Shipped', 840325);
insert into purchaseorder (orderid, supplierid, orderdate, status, totalamount) values (9, 4, '2024-06-25', 'Pending', 324633);
insert into purchaseorder (orderid, supplierid, orderdate, status, totalamount) values (10, 15, '2024-03-28', 'Delivered', 474795);
insert into purchaseorder (orderid, supplierid, orderdate, status, totalamount) values (11, 50, '2024-03-28', 'Pending', 368803);
insert into purchaseorder (orderid, supplierid, orderdate, status, totalamount) values (12, 34, '2024-03-06', 'Pending', 455768);
insert into purchaseorder (orderid, supplierid, orderdate, status, totalamount) values (13, 18, '2025-01-12', 'Cancelled', 268416);
insert into purchaseorder (orderid, supplierid, orderdate, status, totalamount) values (14, 18, '2024-07-14', 'Cancelled', 27445);
insert into purchaseorder (orderid, supplierid, orderdate, status, totalamount) values (15, 30, '2024-06-29', 'Pending', 440);
insert into purchaseorder (orderid, supplierid, orderdate, status, totalamount) values (16, 20, '2024-06-24', 'Cancelled', 388681);
insert into purchaseorder (orderid, supplierid, orderdate, status, totalamount) values (17, 20, '2024-05-19', 'Pending', 941986);
insert into purchaseorder (orderid, supplierid, orderdate, status, totalamount) values (18, 36, '2024-12-01', 'Cancelled', 689094);
insert into purchaseorder (orderid, supplierid, orderdate, status, totalamount) values (19, 45, '2024-12-24', 'Delivered', 137754);
insert into purchaseorder (orderid, supplierid, orderdate, status, totalamount) values (20, 42, '2024-05-20', 'Shipped', 106526);
insert into purchaseorder (orderid, supplierid, orderdate, status, totalamount) values (21, 44, '2024-05-06', 'Shipped', 722601);
insert into purchaseorder (orderid, supplierid, orderdate, status, totalamount) values (22, 14, '2025-01-29', 'Cancelled', 911312);
insert into purchaseorder (orderid, supplierid, orderdate, status, totalamount) values (23, 8, '2024-04-10', 'Shipped', 752523);
insert into purchaseorder (orderid, supplierid, orderdate, status, totalamount) values (24, 29, '2024-04-25', 'Shipped', 568100);
insert into purchaseorder (orderid, supplierid, orderdate, status, totalamount) values (25, 32, '2024-08-25', 'Shipped', 732857);
insert into purchaseorder (orderid, supplierid, orderdate, status, totalamount) values (26, 9, '2024-06-30', 'Delivered', 327173);
insert into purchaseorder (orderid, supplierid, orderdate, status, totalamount) values (27, 17, '2024-09-24', 'Delivered', 644412);
insert into purchaseorder (orderid, supplierid, orderdate, status, totalamount) values (28, 49, '2024-12-21', 'Delivered', 40146);
insert into purchaseorder (orderid, supplierid, orderdate, status, totalamount) values (29, 12, '2024-12-16', 'Delivered', 297582);
insert into purchaseorder (orderid, supplierid, orderdate, status, totalamount) values (30, 34, '2024-10-09', 'Pending', 698296);
insert into purchaseorder (orderid, supplierid, orderdate, status, totalamount) values (31, 27, '2024-08-20', 'Pending', 214152);
insert into purchaseorder (orderid, supplierid, orderdate, status, totalamount) values (32, 14, '2024-06-30', 'Pending', 317182);
insert into purchaseorder (orderid, supplierid, orderdate, status, totalamount) values (33, 2, '2025-01-04', 'Cancelled', 468565);
insert into purchaseorder (orderid, supplierid, orderdate, status, totalamount) values (34, 25, '2024-04-12', 'Cancelled', 682892);
insert into purchaseorder (orderid, supplierid, orderdate, status, totalamount) values (35, 12, '2024-08-30', 'Pending', 734136);
insert into purchaseorder (orderid, supplierid, orderdate, status, totalamount) values (36, 33, '2024-08-28', 'Shipped', 245028);
insert into purchaseorder (orderid, supplierid, orderdate, status, totalamount) values (37, 30, '2024-08-06', 'Shipped', 40997);
insert into purchaseorder (orderid, supplierid, orderdate, status, totalamount) values (38, 33, '2025-01-19', 'Pending', 392607);
insert into purchaseorder (orderid, supplierid, orderdate, status, totalamount) values (39, 23, '2025-01-14', 'Pending', 314266);
insert into purchaseorder (orderid, supplierid, orderdate, status, totalamount) values (40, 23, '2024-08-10', 'Delivered', 396686);
insert into purchaseorder (orderid, supplierid, orderdate, status, totalamount) values (41, 2, '2025-01-27', 'Cancelled', 777031);
insert into purchaseorder (orderid, supplierid, orderdate, status, totalamount) values (42, 34, '2024-09-24', 'Cancelled', 845029);
insert into purchaseorder (orderid, supplierid, orderdate, status, totalamount) values (43, 26, '2025-01-10', 'Delivered', 627316);
insert into purchaseorder (orderid, supplierid, orderdate, status, totalamount) values (44, 4, '2025-01-15', 'Cancelled', 51628);
insert into purchaseorder (orderid, supplierid, orderdate, status, totalamount) values (45, 13, '2024-09-02', 'Cancelled', 913753);
insert into purchaseorder (orderid, supplierid, orderdate, status, totalamount) values (46, 15, '2024-10-22', 'Delivered', 612178);
insert into purchaseorder (orderid, supplierid, orderdate, status, totalamount) values (47, 17, '2024-08-27', 'Delivered', 472282);
insert into purchaseorder (orderid, supplierid, orderdate, status, totalamount) values (48, 20, '2024-10-03', 'Delivered', 232727);
insert into purchaseorder (orderid, supplierid, orderdate, status, totalamount) values (49, 23, '2025-01-08', 'Cancelled', 286650);
insert into purchaseorder (orderid, supplierid, orderdate, status, totalamount) values (50, 18, '2024-12-19', 'Pending', 584175);
insert into purchaseorder (orderid, supplierid, orderdate, status, totalamount) values (51, 33, '2024-09-27', 'Pending', 345511);
insert into purchaseorder (orderid, supplierid, orderdate, status, totalamount) values (52, 12, '2024-07-10', 'Pending', 895235);
insert into purchaseorder (orderid, supplierid, orderdate, status, totalamount) values (53, 25, '2025-01-19', 'Shipped', 351454);
insert into purchaseorder (orderid, supplierid, orderdate, status, totalamount) values (54, 45, '2025-02-12', 'Pending', 619939);
insert into purchaseorder (orderid, supplierid, orderdate, status, totalamount) values (55, 27, '2024-11-10', 'Pending', 270492);
insert into purchaseorder (orderid, supplierid, orderdate, status, totalamount) values (56, 42, '2024-12-11', 'Cancelled', 118960);
insert into purchaseorder (orderid, supplierid, orderdate, status, totalamount) values (57, 33, '2024-08-19', 'Pending', 619869);
insert into purchaseorder (orderid, supplierid, orderdate, status, totalamount) values (58, 30, '2024-08-19', 'Shipped', 680289);
insert into purchaseorder (orderid, supplierid, orderdate, status, totalamount) values (59, 5, '2024-08-12', 'Cancelled', 434085);
insert into purchaseorder (orderid, supplierid, orderdate, status, totalamount) values (60, 38, '2024-03-10', 'Cancelled', 191738);
insert into purchaseorder (orderid, supplierid, orderdate, status, totalamount) values (61, 26, '2024-05-23', 'Shipped', 152108);
insert into purchaseorder (orderid, supplierid, orderdate, status, totalamount) values (62, 12, '2024-08-28', 'Cancelled', 431612);
insert into purchaseorder (orderid, supplierid, orderdate, status, totalamount) values (63, 44, '2025-02-07', 'Delivered', 225306);
insert into purchaseorder (orderid, supplierid, orderdate, status, totalamount) values (64, 43, '2024-09-13', 'Cancelled', 228012);
insert into purchaseorder (orderid, supplierid, orderdate, status, totalamount) values (65, 44, '2024-10-08', 'Pending', 777838);
insert into purchaseorder (orderid, supplierid, orderdate, status, totalamount) values (66, 12, '2024-11-26', 'Shipped', 478723);
insert into purchaseorder (orderid, supplierid, orderdate, status, totalamount) values (67, 25, '2024-09-19', 'Shipped', 476023);
insert into purchaseorder (orderid, supplierid, orderdate, status, totalamount) values (68, 19, '2024-10-07', 'Pending', 651202);
insert into purchaseorder (orderid, supplierid, orderdate, status, totalamount) values (69, 35, '2024-10-20', 'Pending', 874314);
insert into purchaseorder (orderid, supplierid, orderdate, status, totalamount) values (70, 6, '2024-12-30', 'Shipped', 879372);
insert into purchaseorder (orderid, supplierid, orderdate, status, totalamount) values (71, 14, '2024-10-05', 'Shipped', 703130);
insert into purchaseorder (orderid, supplierid, orderdate, status, totalamount) values (72, 23, '2024-12-22', 'Pending', 628865);
insert into purchaseorder (orderid, supplierid, orderdate, status, totalamount) values (73, 48, '2024-10-01', 'Shipped', 75554);
insert into purchaseorder (orderid, supplierid, orderdate, status, totalamount) values (74, 28, '2024-10-31', 'Shipped', 891697);
insert into purchaseorder (orderid, supplierid, orderdate, status, totalamount) values (75, 14, '2024-02-25', 'Cancelled', 173789);
insert into purchaseorder (orderid, supplierid, orderdate, status, totalamount) values (76, 42, '2024-12-07', 'Cancelled', 14438);
insert into purchaseorder (orderid, supplierid, orderdate, status, totalamount) values (77, 2, '2024-08-10', 'Cancelled', 411811);
insert into purchaseorder (orderid, supplierid, orderdate, status, totalamount) values (78, 20, '2024-07-07', 'Pending', 124273);
insert into purchaseorder (orderid, supplierid, orderdate, status, totalamount) values (79, 3, '2024-03-16', 'Shipped', 633392);
insert into purchaseorder (orderid, supplierid, orderdate, status, totalamount) values (80, 3, '2024-11-09', 'Cancelled', 254561);
insert into purchaseorder (orderid, supplierid, orderdate, status, totalamount) values (81, 21, '2024-12-04', 'Cancelled', 324691);
insert into purchaseorder (orderid, supplierid, orderdate, status, totalamount) values (82, 46, '2025-01-18', 'Shipped', 27664);
insert into purchaseorder (orderid, supplierid, orderdate, status, totalamount) values (83, 14, '2024-05-20', 'Pending', 793177);
insert into purchaseorder (orderid, supplierid, orderdate, status, totalamount) values (84, 26, '2024-04-13', 'Delivered', 375949);
insert into purchaseorder (orderid, supplierid, orderdate, status, totalamount) values (85, 44, '2024-08-31', 'Shipped', 139061);
insert into purchaseorder (orderid, supplierid, orderdate, status, totalamount) values (86, 44, '2024-05-26', 'Pending', 651221);
insert into purchaseorder (orderid, supplierid, orderdate, status, totalamount) values (87, 15, '2025-01-19', 'Shipped', 461678);
insert into purchaseorder (orderid, supplierid, orderdate, status, totalamount) values (88, 46, '2024-07-22', 'Shipped', 947796);
insert into purchaseorder (orderid, supplierid, orderdate, status, totalamount) values (89, 40, '2025-01-21', 'Cancelled', 281909);
insert into purchaseorder (orderid, supplierid, orderdate, status, totalamount) values (90, 16, '2024-11-01', 'Cancelled', 639652);
insert into purchaseorder (orderid, supplierid, orderdate, status, totalamount) values (91, 45, '2024-03-11', 'Pending', 238542);
insert into purchaseorder (orderid, supplierid, orderdate, status, totalamount) values (92, 36, '2024-07-14', 'Shipped', 711636);
insert into purchaseorder (orderid, supplierid, orderdate, status, totalamount) values (93, 15, '2024-03-27', 'Delivered', 519269);
insert into purchaseorder (orderid, supplierid, orderdate, status, totalamount) values (94, 7, '2025-01-19', 'Delivered', 326020);
insert into purchaseorder (orderid, supplierid, orderdate, status, totalamount) values (95, 4, '2024-03-25', 'Cancelled', 908601);
insert into purchaseorder (orderid, supplierid, orderdate, status, totalamount) values (96, 22, '2024-02-24', 'Delivered', 834200);
insert into purchaseorder (orderid, supplierid, orderdate, status, totalamount) values (97, 47, '2024-02-17', 'Delivered', 751033);
insert into purchaseorder (orderid, supplierid, orderdate, status, totalamount) values (98, 9, '2024-11-23', 'Shipped', 602257);
insert into purchaseorder (orderid, supplierid, orderdate, status, totalamount) values (99, 20, '2024-09-08', 'Delivered', 184684);
insert into purchaseorder (orderid, supplierid, orderdate, status, totalamount) values (100, 8, '2024-03-12', 'Shipped', 10415);
insert into purchaseorderdetails (orderdetailid, orderid, productid, quantity, priceperunit) values (1, 58, 59, 5936, 111829);
insert into purchaseorderdetails (orderdetailid, orderid, productid, quantity, priceperunit) values (2, 99, 97, 6359, 580);
insert into purchaseorderdetails (orderdetailid, orderid, productid, quantity, priceperunit) values (3, 53, 75, 6474, 207282);
insert into purchaseorderdetails (orderdetailid, orderid, productid, quantity, priceperunit) values (4, 14, 69, 4435, 86471);
insert into purchaseorderdetails (orderdetailid, orderid, productid, quantity, priceperunit) values (5, 2, 18, 8635, 38258);
insert into purchaseorderdetails (orderdetailid, orderid, productid, quantity, priceperunit) values (6, 49, 78, 7905, 75119);
insert into purchaseorderdetails (orderdetailid, orderid, productid, quantity, priceperunit) values (7, 43, 20, 7028, 179885);
insert into purchaseorderdetails (orderdetailid, orderid, productid, quantity, priceperunit) values (8, 20, 85, 6698, 205608);
insert into purchaseorderdetails (orderdetailid, orderid, productid, quantity, priceperunit) values (9, 87, 43, 7074, 171860);
insert into purchaseorderdetails (orderdetailid, orderid, productid, quantity, priceperunit) values (10, 59, 86, 1114, 181530);
insert into purchaseorderdetails (orderdetailid, orderid, productid, quantity, priceperunit) values (11, 76, 37, 1818, 182945);
insert into purchaseorderdetails (orderdetailid, orderid, productid, quantity, priceperunit) values (12, 31, 37, 4493, 197228);
insert into purchaseorderdetails (orderdetailid, orderid, productid, quantity, priceperunit) values (13, 72, 86, 7724, 128888);
insert into purchaseorderdetails (orderdetailid, orderid, productid, quantity, priceperunit) values (14, 68, 9, 4138, 46799);
insert into purchaseorderdetails (orderdetailid, orderid, productid, quantity, priceperunit) values (15, 73, 97, 5022, 13873);
insert into purchaseorderdetails (orderdetailid, orderid, productid, quantity, priceperunit) values (16, 20, 53, 1647, 18565);
insert into purchaseorderdetails (orderdetailid, orderid, productid, quantity, priceperunit) values (17, 34, 64, 9188, 257278);
insert into purchaseorderdetails (orderdetailid, orderid, productid, quantity, priceperunit) values (18, 17, 71, 615, 204551);
insert into purchaseorderdetails (orderdetailid, orderid, productid, quantity, priceperunit) values (19, 43, 3, 2234, 50052);
insert into purchaseorderdetails (orderdetailid, orderid, productid, quantity, priceperunit) values (20, 44, 19, 8927, 46862);
insert into purchaseorderdetails (orderdetailid, orderid, productid, quantity, priceperunit) values (21, 12, 52, 489, 44160);
insert into purchaseorderdetails (orderdetailid, orderid, productid, quantity, priceperunit) values (22, 71, 100, 3162, 243207);
insert into purchaseorderdetails (orderdetailid, orderid, productid, quantity, priceperunit) values (23, 11, 22, 4043, 3645);
insert into purchaseorderdetails (orderdetailid, orderid, productid, quantity, priceperunit) values (24, 36, 21, 1272, 256659);
insert into purchaseorderdetails (orderdetailid, orderid, productid, quantity, priceperunit) values (25, 12, 95, 4865, 9043);
insert into purchaseorderdetails (orderdetailid, orderid, productid, quantity, priceperunit) values (26, 68, 58, 3250, 137709);
insert into purchaseorderdetails (orderdetailid, orderid, productid, quantity, priceperunit) values (27, 55, 91, 4579, 186468);
insert into purchaseorderdetails (orderdetailid, orderid, productid, quantity, priceperunit) values (28, 98, 62, 5721, 233569);
insert into purchaseorderdetails (orderdetailid, orderid, productid, quantity, priceperunit) values (29, 78, 18, 2655, 92277);
insert into purchaseorderdetails (orderdetailid, orderid, productid, quantity, priceperunit) values (30, 10, 77, 2805, 1850);
insert into purchaseorderdetails (orderdetailid, orderid, productid, quantity, priceperunit) values (31, 51, 46, 6512, 2849);
insert into purchaseorderdetails (orderdetailid, orderid, productid, quantity, priceperunit) values (32, 87, 50, 6204, 297472);
insert into purchaseorderdetails (orderdetailid, orderid, productid, quantity, priceperunit) values (33, 40, 73, 8977, 167157);
insert into purchaseorderdetails (orderdetailid, orderid, productid, quantity, priceperunit) values (34, 45, 79, 3910, 51688);
insert into purchaseorderdetails (orderdetailid, orderid, productid, quantity, priceperunit) values (35, 39, 30, 5159, 34333);
insert into purchaseorderdetails (orderdetailid, orderid, productid, quantity, priceperunit) values (36, 13, 11, 2280, 195751);
insert into purchaseorderdetails (orderdetailid, orderid, productid, quantity, priceperunit) values (37, 53, 79, 2731, 66346);
insert into purchaseorderdetails (orderdetailid, orderid, productid, quantity, priceperunit) values (38, 35, 99, 2755, 217545);
insert into purchaseorderdetails (orderdetailid, orderid, productid, quantity, priceperunit) values (39, 89, 72, 6659, 83072);
insert into purchaseorderdetails (orderdetailid, orderid, productid, quantity, priceperunit) values (40, 86, 16, 6949, 275035);
insert into purchaseorderdetails (orderdetailid, orderid, productid, quantity, priceperunit) values (41, 3, 42, 4934, 130024);
insert into purchaseorderdetails (orderdetailid, orderid, productid, quantity, priceperunit) values (42, 23, 39, 3432, 180482);
insert into purchaseorderdetails (orderdetailid, orderid, productid, quantity, priceperunit) values (43, 33, 40, 5816, 156113);
insert into purchaseorderdetails (orderdetailid, orderid, productid, quantity, priceperunit) values (44, 74, 44, 9622, 30102);
insert into purchaseorderdetails (orderdetailid, orderid, productid, quantity, priceperunit) values (45, 65, 33, 2501, 272308);
insert into purchaseorderdetails (orderdetailid, orderid, productid, quantity, priceperunit) values (46, 15, 45, 2066, 239843);
insert into purchaseorderdetails (orderdetailid, orderid, productid, quantity, priceperunit) values (47, 90, 15, 5794, 123761);
insert into purchaseorderdetails (orderdetailid, orderid, productid, quantity, priceperunit) values (48, 96, 33, 2773, 243878);
insert into purchaseorderdetails (orderdetailid, orderid, productid, quantity, priceperunit) values (49, 29, 44, 2876, 185935);
insert into purchaseorderdetails (orderdetailid, orderid, productid, quantity, priceperunit) values (50, 98, 23, 6789, 97335);
insert into purchaseorderdetails (orderdetailid, orderid, productid, quantity, priceperunit) values (51, 100, 69, 84, 35047);
insert into purchaseorderdetails (orderdetailid, orderid, productid, quantity, priceperunit) values (52, 11, 4, 6425, 174076);
insert into purchaseorderdetails (orderdetailid, orderid, productid, quantity, priceperunit) values (53, 18, 21, 2480, 67204);
insert into purchaseorderdetails (orderdetailid, orderid, productid, quantity, priceperunit) values (54, 30, 38, 3800, 236749);
insert into purchaseorderdetails (orderdetailid, orderid, productid, quantity, priceperunit) values (55, 13, 74, 8867, 181251);
insert into purchaseorderdetails (orderdetailid, orderid, productid, quantity, priceperunit) values (56, 1, 78, 7751, 187015);
insert into purchaseorderdetails (orderdetailid, orderid, productid, quantity, priceperunit) values (57, 69, 16, 150, 158761);
insert into purchaseorderdetails (orderdetailid, orderid, productid, quantity, priceperunit) values (58, 31, 94, 4153, 169292);
insert into purchaseorderdetails (orderdetailid, orderid, productid, quantity, priceperunit) values (59, 7, 48, 9274, 174817);
insert into purchaseorderdetails (orderdetailid, orderid, productid, quantity, priceperunit) values (60, 9, 98, 9654, 256780);
insert into purchaseorderdetails (orderdetailid, orderid, productid, quantity, priceperunit) values (61, 40, 85, 7171, 221075);
insert into purchaseorderdetails (orderdetailid, orderid, productid, quantity, priceperunit) values (62, 77, 63, 8904, 189142);
insert into purchaseorderdetails (orderdetailid, orderid, productid, quantity, priceperunit) values (63, 38, 51, 2482, 89713);
insert into purchaseorderdetails (orderdetailid, orderid, productid, quantity, priceperunit) values (64, 25, 35, 3057, 102100);
insert into purchaseorderdetails (orderdetailid, orderid, productid, quantity, priceperunit) values (65, 49, 68, 4322, 197975);
insert into purchaseorderdetails (orderdetailid, orderid, productid, quantity, priceperunit) values (66, 19, 98, 1219, 102361);
insert into purchaseorderdetails (orderdetailid, orderid, productid, quantity, priceperunit) values (67, 49, 76, 5432, 143995);
insert into purchaseorderdetails (orderdetailid, orderid, productid, quantity, priceperunit) values (68, 63, 66, 4853, 146354);
insert into purchaseorderdetails (orderdetailid, orderid, productid, quantity, priceperunit) values (69, 48, 20, 257, 4025);
insert into purchaseorderdetails (orderdetailid, orderid, productid, quantity, priceperunit) values (70, 38, 90, 2094, 100326);
insert into purchaseorderdetails (orderdetailid, orderid, productid, quantity, priceperunit) values (71, 13, 34, 1515, 106562);
insert into purchaseorderdetails (orderdetailid, orderid, productid, quantity, priceperunit) values (72, 8, 45, 8953, 167824);
insert into purchaseorderdetails (orderdetailid, orderid, productid, quantity, priceperunit) values (73, 1, 52, 109, 94234);
insert into purchaseorderdetails (orderdetailid, orderid, productid, quantity, priceperunit) values (74, 90, 42, 1974, 212160);
insert into purchaseorderdetails (orderdetailid, orderid, productid, quantity, priceperunit) values (75, 49, 87, 3814, 195302);
insert into purchaseorderdetails (orderdetailid, orderid, productid, quantity, priceperunit) values (76, 27, 52, 477, 122541);
insert into purchaseorderdetails (orderdetailid, orderid, productid, quantity, priceperunit) values (77, 48, 9, 8652, 15924);
insert into purchaseorderdetails (orderdetailid, orderid, productid, quantity, priceperunit) values (78, 13, 39, 7461, 199762);
insert into purchaseorderdetails (orderdetailid, orderid, productid, quantity, priceperunit) values (79, 93, 100, 1395, 82964);
insert into purchaseorderdetails (orderdetailid, orderid, productid, quantity, priceperunit) values (80, 49, 87, 5604, 89798);
insert into purchaseorderdetails (orderdetailid, orderid, productid, quantity, priceperunit) values (81, 92, 32, 9728, 203762);
insert into purchaseorderdetails (orderdetailid, orderid, productid, quantity, priceperunit) values (82, 88, 86, 5352, 21082);
insert into purchaseorderdetails (orderdetailid, orderid, productid, quantity, priceperunit) values (83, 60, 16, 3399, 298015);
insert into purchaseorderdetails (orderdetailid, orderid, productid, quantity, priceperunit) values (84, 7, 38, 395, 289408);
insert into purchaseorderdetails (orderdetailid, orderid, productid, quantity, priceperunit) values (85, 15, 79, 4219, 208722);
insert into purchaseorderdetails (orderdetailid, orderid, productid, quantity, priceperunit) values (86, 7, 49, 5359, 76521);
insert into purchaseorderdetails (orderdetailid, orderid, productid, quantity, priceperunit) values (87, 31, 80, 2672, 62360);
insert into purchaseorderdetails (orderdetailid, orderid, productid, quantity, priceperunit) values (88, 92, 100, 8298, 162129);
insert into purchaseorderdetails (orderdetailid, orderid, productid, quantity, priceperunit) values (89, 68, 6, 2941, 111948);
insert into purchaseorderdetails (orderdetailid, orderid, productid, quantity, priceperunit) values (90, 75, 85, 7254, 111324);
insert into purchaseorderdetails (orderdetailid, orderid, productid, quantity, priceperunit) values (91, 5, 37, 3841, 23824);
insert into purchaseorderdetails (orderdetailid, orderid, productid, quantity, priceperunit) values (92, 81, 31, 2411, 285236);
insert into purchaseorderdetails (orderdetailid, orderid, productid, quantity, priceperunit) values (93, 2, 54, 5700, 19029);
insert into purchaseorderdetails (orderdetailid, orderid, productid, quantity, priceperunit) values (94, 18, 10, 783, 122202);
insert into purchaseorderdetails (orderdetailid, orderid, productid, quantity, priceperunit) values (95, 25, 54, 5879, 30989);
insert into purchaseorderdetails (orderdetailid, orderid, productid, quantity, priceperunit) values (96, 26, 16, 6847, 132527);
insert into purchaseorderdetails (orderdetailid, orderid, productid, quantity, priceperunit) values (97, 57, 34, 9521, 200892);
insert into purchaseorderdetails (orderdetailid, orderid, productid, quantity, priceperunit) values (98, 24, 42, 2793, 155561);
insert into purchaseorderdetails (orderdetailid, orderid, productid, quantity, priceperunit) values (99, 86, 65, 5345, 41832);
insert into purchaseorderdetails (orderdetailid, orderid, productid, quantity, priceperunit) values (100, 78, 94, 4483, 156155);
insert into storeexpenses (expenseid, vendorid, expensetype, amount, expensedate, status) values (1, 20, 'utilities', 78478, '2024-05-30', 'Paid');
insert into storeexpenses (expenseid, vendorid, expensetype, amount, expensedate, status) values (2, 13, 'supplies', 48608, '2024-05-25', 'Pending');
insert into storeexpenses (expenseid, vendorid, expensetype, amount, expensedate, status) values (3, 34, 'maintenance', 97170, '2024-05-03', 'Pending');
insert into storeexpenses (expenseid, vendorid, expensetype, amount, expensedate, status) values (4, 18, 'insurance', 87772, '2024-07-03', 'Pending');
insert into storeexpenses (expenseid, vendorid, expensetype, amount, expensedate, status) values (5, 24, 'utilities', 27982, '2024-11-16', 'Pending');
insert into storeexpenses (expenseid, vendorid, expensetype, amount, expensedate, status) values (6, 41, 'rent', 27575, '2024-11-14', 'Pending');
insert into storeexpenses (expenseid, vendorid, expensetype, amount, expensedate, status) values (7, 4, 'supplies', 62307, '2024-05-30', 'Paid');
insert into storeexpenses (expenseid, vendorid, expensetype, amount, expensedate, status) values (8, 17, 'insurance', 94136, '2024-12-29', 'Pending');
insert into storeexpenses (expenseid, vendorid, expensetype, amount, expensedate, status) values (9, 26, 'maintenance', 91023, '2024-04-13', 'Paid');
insert into storeexpenses (expenseid, vendorid, expensetype, amount, expensedate, status) values (10, 32, 'maintenance', 47953, '2024-08-30', 'Pending');
insert into storeexpenses (expenseid, vendorid, expensetype, amount, expensedate, status) values (11, 42, 'maintenance', 78325, '2024-05-05', 'Paid');
insert into storeexpenses (expenseid, vendorid, expensetype, amount, expensedate, status) values (12, 15, 'maintenance', 56151, '2025-02-13', 'Paid');
insert into storeexpenses (expenseid, vendorid, expensetype, amount, expensedate, status) values (13, 50, 'utilities', 66273, '2024-07-31', 'Paid');
insert into storeexpenses (expenseid, vendorid, expensetype, amount, expensedate, status) values (14, 12, 'rent', 93944, '2024-11-19', 'Pending');
insert into storeexpenses (expenseid, vendorid, expensetype, amount, expensedate, status) values (15, 44, 'supplies', 40980, '2024-06-14', 'Paid');
insert into storeexpenses (expenseid, vendorid, expensetype, amount, expensedate, status) values (16, 44, 'supplies', 12095, '2024-11-16', 'Paid');
insert into storeexpenses (expenseid, vendorid, expensetype, amount, expensedate, status) values (17, 45, 'insurance', 36690, '2025-01-05', 'Pending');
insert into storeexpenses (expenseid, vendorid, expensetype, amount, expensedate, status) values (18, 45, 'supplies', 817, '2024-05-27', 'Pending');
insert into storeexpenses (expenseid, vendorid, expensetype, amount, expensedate, status) values (19, 13, 'maintenance', 48185, '2024-11-25', 'Pending');
insert into storeexpenses (expenseid, vendorid, expensetype, amount, expensedate, status) values (20, 29, 'insurance', 47886, '2024-09-10', 'Pending');
insert into storeexpenses (expenseid, vendorid, expensetype, amount, expensedate, status) values (21, 23, 'rent', 42355, '2024-10-26', 'Paid');
insert into storeexpenses (expenseid, vendorid, expensetype, amount, expensedate, status) values (22, 49, 'maintenance', 63873, '2024-08-11', 'Pending');
insert into storeexpenses (expenseid, vendorid, expensetype, amount, expensedate, status) values (23, 42, 'rent', 94418, '2025-02-09', 'Pending');
insert into storeexpenses (expenseid, vendorid, expensetype, amount, expensedate, status) values (24, 3, 'insurance', 23655, '2025-01-02', 'Paid');
insert into storeexpenses (expenseid, vendorid, expensetype, amount, expensedate, status) values (25, 13, 'rent', 31886, '2025-01-17', 'Paid');
insert into storeexpenses (expenseid, vendorid, expensetype, amount, expensedate, status) values (26, 40, 'rent', 82267, '2024-09-17', 'Paid');
insert into storeexpenses (expenseid, vendorid, expensetype, amount, expensedate, status) values (27, 6, 'utilities', 27417, '2024-07-05', 'Pending');
insert into storeexpenses (expenseid, vendorid, expensetype, amount, expensedate, status) values (28, 17, 'rent', 20572, '2024-04-29', 'Paid');
insert into storeexpenses (expenseid, vendorid, expensetype, amount, expensedate, status) values (29, 20, 'rent', 97941, '2024-09-19', 'Pending');
insert into storeexpenses (expenseid, vendorid, expensetype, amount, expensedate, status) values (30, 4, 'utilities', 69334, '2024-07-26', 'Paid');
insert into storeexpenses (expenseid, vendorid, expensetype, amount, expensedate, status) values (31, 15, 'maintenance', 12907, '2024-12-19', 'Pending');
insert into storeexpenses (expenseid, vendorid, expensetype, amount, expensedate, status) values (32, 50, 'maintenance', 99807, '2024-06-07', 'Pending');
insert into storeexpenses (expenseid, vendorid, expensetype, amount, expensedate, status) values (33, 21, 'insurance', 33661, '2024-03-07', 'Pending');
insert into storeexpenses (expenseid, vendorid, expensetype, amount, expensedate, status) values (34, 21, 'supplies', 85654, '2024-12-14', 'Pending');
insert into storeexpenses (expenseid, vendorid, expensetype, amount, expensedate, status) values (35, 49, 'rent', 30266, '2024-12-07', 'Paid');
insert into storeexpenses (expenseid, vendorid, expensetype, amount, expensedate, status) values (36, 14, 'utilities', 36594, '2024-03-18', 'Pending');
insert into storeexpenses (expenseid, vendorid, expensetype, amount, expensedate, status) values (37, 9, 'utilities', 53737, '2024-07-26', 'Pending');
insert into storeexpenses (expenseid, vendorid, expensetype, amount, expensedate, status) values (38, 46, 'utilities', 17739, '2024-12-26', 'Pending');
insert into storeexpenses (expenseid, vendorid, expensetype, amount, expensedate, status) values (39, 38, 'rent', 1713, '2024-12-13', 'Paid');
insert into storeexpenses (expenseid, vendorid, expensetype, amount, expensedate, status) values (40, 25, 'insurance', 75370, '2024-06-25', 'Paid');
insert into storeexpenses (expenseid, vendorid, expensetype, amount, expensedate, status) values (41, 7, 'rent', 39044, '2024-05-29', 'Pending');
insert into storeexpenses (expenseid, vendorid, expensetype, amount, expensedate, status) values (42, 27, 'rent', 23796, '2024-03-11', 'Paid');
insert into storeexpenses (expenseid, vendorid, expensetype, amount, expensedate, status) values (43, 42, 'maintenance', 26666, '2024-08-16', 'Paid');
insert into storeexpenses (expenseid, vendorid, expensetype, amount, expensedate, status) values (44, 19, 'utilities', 22133, '2024-04-15', 'Pending');
insert into storeexpenses (expenseid, vendorid, expensetype, amount, expensedate, status) values (45, 3, 'supplies', 20104, '2025-02-04', 'Pending');
insert into storeexpenses (expenseid, vendorid, expensetype, amount, expensedate, status) values (46, 39, 'utilities', 43931, '2024-06-29', 'Pending');
insert into storeexpenses (expenseid, vendorid, expensetype, amount, expensedate, status) values (47, 13, 'maintenance', 790, '2024-05-25', 'Paid');
insert into storeexpenses (expenseid, vendorid, expensetype, amount, expensedate, status) values (48, 31, 'insurance', 20039, '2024-10-13', 'Paid');
insert into storeexpenses (expenseid, vendorid, expensetype, amount, expensedate, status) values (49, 34, 'maintenance', 56386, '2024-10-13', 'Pending');
insert into storeexpenses (expenseid, vendorid, expensetype, amount, expensedate, status) values (50, 48, 'rent', 3668, '2024-10-01', 'Pending');
insert into storeexpenses (expenseid, vendorid, expensetype, amount, expensedate, status) values (51, 38, 'insurance', 18734, '2024-05-09', 'Paid');
insert into storeexpenses (expenseid, vendorid, expensetype, amount, expensedate, status) values (52, 47, 'maintenance', 23984, '2024-11-22', 'Paid');
insert into storeexpenses (expenseid, vendorid, expensetype, amount, expensedate, status) values (53, 5, 'insurance', 5667, '2024-08-23', 'Paid');
insert into storeexpenses (expenseid, vendorid, expensetype, amount, expensedate, status) values (54, 9, 'utilities', 12037, '2024-02-18', 'Paid');
insert into storeexpenses (expenseid, vendorid, expensetype, amount, expensedate, status) values (55, 1, 'insurance', 18138, '2024-05-07', 'Paid');
insert into storeexpenses (expenseid, vendorid, expensetype, amount, expensedate, status) values (56, 10, 'maintenance', 59345, '2024-11-26', 'Paid');
insert into storeexpenses (expenseid, vendorid, expensetype, amount, expensedate, status) values (57, 49, 'supplies', 21329, '2024-11-05', 'Pending');
insert into storeexpenses (expenseid, vendorid, expensetype, amount, expensedate, status) values (58, 34, 'maintenance', 9460, '2024-10-07', 'Pending');
insert into storeexpenses (expenseid, vendorid, expensetype, amount, expensedate, status) values (59, 30, 'maintenance', 9313, '2024-04-01', 'Pending');
insert into storeexpenses (expenseid, vendorid, expensetype, amount, expensedate, status) values (60, 41, 'rent', 54209, '2025-01-10', 'Paid');
insert into storeexpenses (expenseid, vendorid, expensetype, amount, expensedate, status) values (61, 8, 'insurance', 75411, '2024-09-14', 'Pending');
insert into storeexpenses (expenseid, vendorid, expensetype, amount, expensedate, status) values (62, 30, 'maintenance', 52121, '2024-09-14', 'Paid');
insert into storeexpenses (expenseid, vendorid, expensetype, amount, expensedate, status) values (63, 40, 'insurance', 1858, '2024-11-25', 'Pending');
insert into storeexpenses (expenseid, vendorid, expensetype, amount, expensedate, status) values (64, 28, 'insurance', 2794, '2024-11-17', 'Paid');
insert into storeexpenses (expenseid, vendorid, expensetype, amount, expensedate, status) values (65, 36, 'maintenance', 69857, '2024-08-17', 'Pending');
insert into storeexpenses (expenseid, vendorid, expensetype, amount, expensedate, status) values (66, 9, 'utilities', 29473, '2024-09-06', 'Pending');
insert into storeexpenses (expenseid, vendorid, expensetype, amount, expensedate, status) values (67, 18, 'supplies', 35955, '2024-10-26', 'Pending');
insert into storeexpenses (expenseid, vendorid, expensetype, amount, expensedate, status) values (68, 22, 'utilities', 97808, '2024-11-06', 'Paid');
insert into storeexpenses (expenseid, vendorid, expensetype, amount, expensedate, status) values (69, 21, 'maintenance', 59101, '2024-04-22', 'Pending');
insert into storeexpenses (expenseid, vendorid, expensetype, amount, expensedate, status) values (70, 20, 'rent', 41197, '2024-05-17', 'Paid');
insert into storeexpenses (expenseid, vendorid, expensetype, amount, expensedate, status) values (71, 11, 'insurance', 60062, '2024-02-21', 'Paid');
insert into storeexpenses (expenseid, vendorid, expensetype, amount, expensedate, status) values (72, 4, 'rent', 19001, '2024-06-04', 'Paid');
insert into storeexpenses (expenseid, vendorid, expensetype, amount, expensedate, status) values (73, 4, 'rent', 82466, '2024-05-17', 'Paid');
insert into storeexpenses (expenseid, vendorid, expensetype, amount, expensedate, status) values (74, 48, 'supplies', 43188, '2024-12-31', 'Pending');
insert into storeexpenses (expenseid, vendorid, expensetype, amount, expensedate, status) values (75, 45, 'maintenance', 72836, '2024-05-12', 'Paid');
insert into storeexpenses (expenseid, vendorid, expensetype, amount, expensedate, status) values (76, 12, 'utilities', 52691, '2024-11-01', 'Pending');
insert into storeexpenses (expenseid, vendorid, expensetype, amount, expensedate, status) values (77, 44, 'supplies', 32624, '2025-01-24', 'Pending');
insert into storeexpenses (expenseid, vendorid, expensetype, amount, expensedate, status) values (78, 15, 'utilities', 94911, '2024-11-13', 'Paid');
insert into storeexpenses (expenseid, vendorid, expensetype, amount, expensedate, status) values (79, 9, 'utilities', 32126, '2024-09-16', 'Pending');
insert into storeexpenses (expenseid, vendorid, expensetype, amount, expensedate, status) values (80, 31, 'supplies', 21352, '2025-01-28', 'Paid');
insert into storeexpenses (expenseid, vendorid, expensetype, amount, expensedate, status) values (81, 32, 'insurance', 7245, '2024-08-01', 'Pending');
insert into storeexpenses (expenseid, vendorid, expensetype, amount, expensedate, status) values (82, 22, 'supplies', 95081, '2024-05-19', 'Paid');
insert into storeexpenses (expenseid, vendorid, expensetype, amount, expensedate, status) values (83, 45, 'rent', 16291, '2025-01-02', 'Pending');
insert into storeexpenses (expenseid, vendorid, expensetype, amount, expensedate, status) values (84, 40, 'maintenance', 49225, '2024-08-12', 'Pending');
insert into storeexpenses (expenseid, vendorid, expensetype, amount, expensedate, status) values (85, 6, 'maintenance', 20367, '2024-05-26', 'Pending');
insert into storeexpenses (expenseid, vendorid, expensetype, amount, expensedate, status) values (86, 25, 'maintenance', 66543, '2024-10-02', 'Paid');
insert into storeexpenses (expenseid, vendorid, expensetype, amount, expensedate, status) values (87, 30, 'rent', 28532, '2025-01-15', 'Paid');
insert into storeexpenses (expenseid, vendorid, expensetype, amount, expensedate, status) values (88, 3, 'utilities', 37219, '2024-07-06', 'Pending');
insert into storeexpenses (expenseid, vendorid, expensetype, amount, expensedate, status) values (89, 10, 'insurance', 67872, '2024-10-24', 'Paid');
insert into storeexpenses (expenseid, vendorid, expensetype, amount, expensedate, status) values (90, 22, 'rent', 19184, '2025-01-12', 'Pending');
insert into storeexpenses (expenseid, vendorid, expensetype, amount, expensedate, status) values (91, 19, 'supplies', 61441, '2024-09-27', 'Paid');
insert into storeexpenses (expenseid, vendorid, expensetype, amount, expensedate, status) values (92, 22, 'rent', 29673, '2024-03-29', 'Pending');
insert into storeexpenses (expenseid, vendorid, expensetype, amount, expensedate, status) values (93, 8, 'supplies', 47315, '2025-01-12', 'Pending');
insert into storeexpenses (expenseid, vendorid, expensetype, amount, expensedate, status) values (94, 10, 'rent', 32687, '2024-10-17', 'Paid');
insert into storeexpenses (expenseid, vendorid, expensetype, amount, expensedate, status) values (95, 45, 'rent', 70105, '2025-01-11', 'Pending');
insert into storeexpenses (expenseid, vendorid, expensetype, amount, expensedate, status) values (96, 18, 'insurance', 96749, '2025-01-30', 'Paid');
insert into storeexpenses (expenseid, vendorid, expensetype, amount, expensedate, status) values (97, 21, 'supplies', 63311, '2024-03-16', 'Paid');
insert into storeexpenses (expenseid, vendorid, expensetype, amount, expensedate, status) values (98, 34, 'insurance', 54998, '2024-03-20', 'Pending');
insert into storeexpenses (expenseid, vendorid, expensetype, amount, expensedate, status) values (99, 18, 'rent', 62021, '2024-06-23', 'Pending');
insert into storeexpenses (expenseid, vendorid, expensetype, amount, expensedate, status) values (100, 4, 'insurance', 27836, '2024-09-23', 'Pending');
insert into transactionlog (logid, employeeid, actiontype, timestamp) values (1, 1, 'refund', '2024-09-22 16:58:22');
insert into transactionlog (logid, employeeid, actiontype, timestamp) values (2, 39, 'sale', '2024-04-28 07:06:29');
insert into transactionlog (logid, employeeid, actiontype, timestamp) values (3, 29, 'cancellation', '2024-04-24 15:22:52');
insert into transactionlog (logid, employeeid, actiontype, timestamp) values (4, 40, 'sale', '2024-04-07 14:58:27');
insert into transactionlog (logid, employeeid, actiontype, timestamp) values (5, 16, 'refund', '2024-08-09 05:04:29');
insert into transactionlog (logid, employeeid, actiontype, timestamp) values (6, 46, 'exchange', '2024-12-02 08:02:05');
insert into transactionlog (logid, employeeid, actiontype, timestamp) values (7, 21, 'sale', '2024-03-11 16:56:03');
insert into transactionlog (logid, employeeid, actiontype, timestamp) values (8, 42, 'Store Expense', '2024-06-16 09:40:31');
insert into transactionlog (logid, employeeid, actiontype, timestamp) values (9, 48, 'refund', '2024-08-28 17:42:28');
insert into transactionlog (logid, employeeid, actiontype, timestamp) values (10, 30, 'cancellation', '2024-09-13 11:05:23');
insert into transactionlog (logid, employeeid, actiontype, timestamp) values (11, 9, 'cancellation', '2024-03-22 11:36:08');
insert into transactionlog (logid, employeeid, actiontype, timestamp) values (12, 22, 'cancellation', '2025-02-09 16:13:23');
insert into transactionlog (logid, employeeid, actiontype, timestamp) values (13, 27, 'refund', '2024-07-30 01:03:42');
insert into transactionlog (logid, employeeid, actiontype, timestamp) values (14, 3, 'sale', '2024-09-24 04:56:28');
insert into transactionlog (logid, employeeid, actiontype, timestamp) values (15, 2, 'refund', '2024-11-08 15:23:17');
insert into transactionlog (logid, employeeid, actiontype, timestamp) values (16, 23, 'exchange', '2024-03-04 23:02:09');
insert into transactionlog (logid, employeeid, actiontype, timestamp) values (17, 17, 'sale', '2024-03-23 12:56:44');
insert into transactionlog (logid, employeeid, actiontype, timestamp) values (18, 6, 'refund', '2024-06-03 23:33:56');
insert into transactionlog (logid, employeeid, actiontype, timestamp) values (19, 36, 'refund', '2024-09-09 20:16:09');
insert into transactionlog (logid, employeeid, actiontype, timestamp) values (20, 16, 'cancellation', '2024-04-21 01:46:22');
insert into transactionlog (logid, employeeid, actiontype, timestamp) values (21, 20, 'refund', '2024-08-10 21:04:46');
insert into transactionlog (logid, employeeid, actiontype, timestamp) values (22, 35, 'exchange', '2024-04-26 15:14:17');
insert into transactionlog (logid, employeeid, actiontype, timestamp) values (23, 18, 'cancellation', '2024-05-29 15:39:44');
insert into transactionlog (logid, employeeid, actiontype, timestamp) values (24, 34, 'Store Expense', '2024-12-17 14:50:45');
insert into transactionlog (logid, employeeid, actiontype, timestamp) values (25, 3, 'refund', '2024-03-19 07:20:24');
insert into transactionlog (logid, employeeid, actiontype, timestamp) values (26, 42, 'refund', '2024-03-03 18:19:50');
insert into transactionlog (logid, employeeid, actiontype, timestamp) values (27, 27, 'Store Expense', '2024-06-15 03:11:02');
insert into transactionlog (logid, employeeid, actiontype, timestamp) values (28, 47, 'sale', '2024-08-18 14:30:37');
insert into transactionlog (logid, employeeid, actiontype, timestamp) values (29, 34, 'refund', '2025-01-24 06:32:06');
insert into transactionlog (logid, employeeid, actiontype, timestamp) values (30, 7, 'cancellation', '2024-04-13 07:11:52');
insert into transactionlog (logid, employeeid, actiontype, timestamp) values (31, 50, 'refund', '2025-01-26 03:41:35');
insert into transactionlog (logid, employeeid, actiontype, timestamp) values (32, 17, 'exchange', '2024-08-06 07:56:07');
insert into transactionlog (logid, employeeid, actiontype, timestamp) values (33, 44, 'sale', '2024-08-13 18:29:30');
insert into transactionlog (logid, employeeid, actiontype, timestamp) values (34, 48, 'refund', '2024-10-20 21:36:09');
insert into transactionlog (logid, employeeid, actiontype, timestamp) values (35, 33, 'sale', '2024-11-03 19:15:51');
insert into transactionlog (logid, employeeid, actiontype, timestamp) values (36, 24, 'cancellation', '2024-04-10 06:33:05');
insert into transactionlog (logid, employeeid, actiontype, timestamp) values (37, 23, 'cancellation', '2024-10-20 22:02:06');
insert into transactionlog (logid, employeeid, actiontype, timestamp) values (38, 22, 'refund', '2024-09-05 14:25:24');
insert into transactionlog (logid, employeeid, actiontype, timestamp) values (39, 6, 'sale', '2024-12-13 05:40:06');
insert into transactionlog (logid, employeeid, actiontype, timestamp) values (40, 18, 'refund', '2024-08-09 09:19:37');
insert into transactionlog (logid, employeeid, actiontype, timestamp) values (41, 27, 'Store Expense', '2024-04-16 02:08:44');
insert into transactionlog (logid, employeeid, actiontype, timestamp) values (42, 17, 'Store Expense', '2025-01-01 14:55:27');
insert into transactionlog (logid, employeeid, actiontype, timestamp) values (43, 50, 'Store Expense', '2024-11-25 15:10:31');
insert into transactionlog (logid, employeeid, actiontype, timestamp) values (44, 18, 'Store Expense', '2024-04-25 07:39:05');
insert into transactionlog (logid, employeeid, actiontype, timestamp) values (45, 2, 'exchange', '2024-08-10 15:05:18');
insert into transactionlog (logid, employeeid, actiontype, timestamp) values (46, 42, 'Store Expense', '2024-08-01 18:49:05');
insert into transactionlog (logid, employeeid, actiontype, timestamp) values (47, 14, 'Store Expense', '2025-01-21 23:19:37');
insert into transactionlog (logid, employeeid, actiontype, timestamp) values (48, 4, 'refund', '2025-01-22 00:11:22');
insert into transactionlog (logid, employeeid, actiontype, timestamp) values (49, 31, 'Store Expense', '2024-07-07 11:36:02');
insert into transactionlog (logid, employeeid, actiontype, timestamp) values (50, 39, 'sale', '2024-10-27 12:12:20');
insert into transactionlog (logid, employeeid, actiontype, timestamp) values (51, 14, 'cancellation', '2025-01-26 11:14:43');
insert into transactionlog (logid, employeeid, actiontype, timestamp) values (52, 14, 'exchange', '2024-09-03 12:33:52');
insert into transactionlog (logid, employeeid, actiontype, timestamp) values (53, 32, 'Store Expense', '2025-02-04 18:25:08');
insert into transactionlog (logid, employeeid, actiontype, timestamp) values (54, 2, 'sale', '2024-12-28 03:26:00');
insert into transactionlog (logid, employeeid, actiontype, timestamp) values (55, 8, 'cancellation', '2024-06-01 10:35:51');
insert into transactionlog (logid, employeeid, actiontype, timestamp) values (56, 45, 'Store Expense', '2024-12-02 09:16:02');
insert into transactionlog (logid, employeeid, actiontype, timestamp) values (57, 45, 'sale', '2024-09-12 17:41:27');
insert into transactionlog (logid, employeeid, actiontype, timestamp) values (58, 37, 'refund', '2024-09-25 20:33:09');
insert into transactionlog (logid, employeeid, actiontype, timestamp) values (59, 50, 'sale', '2024-08-21 12:30:12');
insert into transactionlog (logid, employeeid, actiontype, timestamp) values (60, 46, 'refund', '2024-08-16 17:11:08');
insert into transactionlog (logid, employeeid, actiontype, timestamp) values (61, 23, 'sale', '2024-03-24 19:25:24');
insert into transactionlog (logid, employeeid, actiontype, timestamp) values (62, 39, 'exchange', '2024-09-24 23:21:00');
insert into transactionlog (logid, employeeid, actiontype, timestamp) values (63, 4, 'exchange', '2024-11-07 13:35:49');
insert into transactionlog (logid, employeeid, actiontype, timestamp) values (64, 18, 'cancellation', '2024-08-08 15:03:13');
insert into transactionlog (logid, employeeid, actiontype, timestamp) values (65, 6, 'sale', '2024-09-13 18:50:06');
insert into transactionlog (logid, employeeid, actiontype, timestamp) values (66, 17, 'refund', '2025-02-09 12:09:10');
insert into transactionlog (logid, employeeid, actiontype, timestamp) values (67, 30, 'cancellation', '2024-06-16 04:15:50');
insert into transactionlog (logid, employeeid, actiontype, timestamp) values (68, 9, 'exchange', '2024-09-16 00:54:20');
insert into transactionlog (logid, employeeid, actiontype, timestamp) values (69, 38, 'cancellation', '2024-04-23 04:09:56');
insert into transactionlog (logid, employeeid, actiontype, timestamp) values (70, 36, 'exchange', '2024-09-14 08:42:46');
insert into transactionlog (logid, employeeid, actiontype, timestamp) values (71, 33, 'Store Expense', '2024-05-06 09:01:54');
insert into transactionlog (logid, employeeid, actiontype, timestamp) values (72, 16, 'sale', '2024-08-18 03:47:50');
insert into transactionlog (logid, employeeid, actiontype, timestamp) values (73, 14, 'exchange', '2024-08-11 05:18:39');
insert into transactionlog (logid, employeeid, actiontype, timestamp) values (74, 48, 'sale', '2024-03-25 07:36:20');
insert into transactionlog (logid, employeeid, actiontype, timestamp) values (75, 39, 'refund', '2024-08-27 13:35:47');
insert into transactionlog (logid, employeeid, actiontype, timestamp) values (76, 45, 'exchange', '2024-04-12 13:57:52');
insert into transactionlog (logid, employeeid, actiontype, timestamp) values (77, 15, 'refund', '2024-03-05 21:41:54');
insert into transactionlog (logid, employeeid, actiontype, timestamp) values (78, 3, 'Store Expense', '2024-08-26 13:18:00');
insert into transactionlog (logid, employeeid, actiontype, timestamp) values (79, 49, 'refund', '2024-05-05 22:32:33');
insert into transactionlog (logid, employeeid, actiontype, timestamp) values (80, 5, 'Store Expense', '2025-01-14 11:51:35');
insert into transactionlog (logid, employeeid, actiontype, timestamp) values (81, 5, 'refund', '2024-04-19 11:02:19');
insert into transactionlog (logid, employeeid, actiontype, timestamp) values (82, 5, 'cancellation', '2024-07-30 01:58:17');
insert into transactionlog (logid, employeeid, actiontype, timestamp) values (83, 44, 'refund', '2024-10-25 11:18:20');
insert into transactionlog (logid, employeeid, actiontype, timestamp) values (84, 39, 'sale', '2024-10-30 03:05:39');
insert into transactionlog (logid, employeeid, actiontype, timestamp) values (85, 2, 'Store Expense', '2024-08-13 01:52:57');
insert into transactionlog (logid, employeeid, actiontype, timestamp) values (86, 11, 'refund', '2024-11-17 00:44:22');
insert into transactionlog (logid, employeeid, actiontype, timestamp) values (87, 7, 'sale', '2024-05-02 12:52:09');
insert into transactionlog (logid, employeeid, actiontype, timestamp) values (88, 6, 'refund', '2024-08-11 05:26:16');
insert into transactionlog (logid, employeeid, actiontype, timestamp) values (89, 42, 'sale', '2024-07-25 04:09:19');
insert into transactionlog (logid, employeeid, actiontype, timestamp) values (90, 45, 'Store Expense', '2024-03-06 05:26:24');
insert into transactionlog (logid, employeeid, actiontype, timestamp) values (91, 4, 'cancellation', '2024-03-16 15:01:35');
insert into transactionlog (logid, employeeid, actiontype, timestamp) values (92, 47, 'cancellation', '2024-12-02 11:41:33');
insert into transactionlog (logid, employeeid, actiontype, timestamp) values (93, 48, 'refund', '2024-10-12 03:03:15');
insert into transactionlog (logid, employeeid, actiontype, timestamp) values (94, 45, 'cancellation', '2025-01-21 03:04:53');
insert into transactionlog (logid, employeeid, actiontype, timestamp) values (95, 17, 'sale', '2024-11-17 06:01:25');
insert into transactionlog (logid, employeeid, actiontype, timestamp) values (96, 13, 'cancellation', '2024-12-30 02:57:20');
insert into transactionlog (logid, employeeid, actiontype, timestamp) values (97, 36, 'cancellation', '2024-12-29 04:32:09');
insert into transactionlog (logid, employeeid, actiontype, timestamp) values (98, 3, 'sale', '2025-01-08 19:32:58');
insert into transactionlog (logid, employeeid, actiontype, timestamp) values (99, 50, 'sale', '2024-10-29 11:29:16');
insert into transactionlog (logid, employeeid, actiontype, timestamp) values (100, 1, 'exchange', '2024-08-19 08:20:35');
insert into role (roleid, rolename, permission) values (1, 'manager', 'sales only');
insert into role (roleid, rolename, permission) values (2, 'team lead', 'read only');
insert into role (roleid, rolename, permission) values (3, 'employee', 'full access');
insert into role (roleid, rolename, permission) values (4, 'director', 'sales only');
insert into role (roleid, rolename, permission) values (5, 'manager', 'full access');
insert into role (roleid, rolename, permission) values (6, 'supervisor', 'full access');
insert into role (roleid, rolename, permission) values (7, 'supervisor', 'full access');
insert into role (roleid, rolename, permission) values (8, 'manager', 'full access');
insert into role (roleid, rolename, permission) values (9, 'director', 'read only');
insert into role (roleid, rolename, permission) values (10, 'manager', 'admin');
insert into role (roleid, rolename, permission) values (11, 'supervisor', 'read only');
insert into role (roleid, rolename, permission) values (12, 'team lead', 'admin');
insert into role (roleid, rolename, permission) values (13, 'supervisor', 'sales only');
insert into role (roleid, rolename, permission) values (14, 'director', 'full access');
insert into role (roleid, rolename, permission) values (15, 'director', 'full access');
insert into role (roleid, rolename, permission) values (16, 'employee', 'full access');
insert into role (roleid, rolename, permission) values (17, 'manager', 'admin');
insert into role (roleid, rolename, permission) values (18, 'director', 'read only');
insert into role (roleid, rolename, permission) values (19, 'director', 'sales only');
insert into role (roleid, rolename, permission) values (20, 'manager', 'admin');
insert into role (roleid, rolename, permission) values (21, 'supervisor', 'read only');
insert into role (roleid, rolename, permission) values (22, 'director', 'full access');
insert into role (roleid, rolename, permission) values (23, 'team lead', 'sales only');
insert into role (roleid, rolename, permission) values (24, 'supervisor', 'read only');
insert into role (roleid, rolename, permission) values (25, 'team lead', 'full access');
insert into role (roleid, rolename, permission) values (26, 'manager', 'read only');
insert into role (roleid, rolename, permission) values (27, 'supervisor', 'sales only');
insert into role (roleid, rolename, permission) values (28, 'team lead', 'read only');
insert into role (roleid, rolename, permission) values (29, 'supervisor', 'sales only');
insert into role (roleid, rolename, permission) values (30, 'director', 'read only');
insert into role (roleid, rolename, permission) values (31, 'supervisor', 'read only');
insert into role (roleid, rolename, permission) values (32, 'manager', 'admin');
insert into role (roleid, rolename, permission) values (33, 'team lead', 'admin');
insert into role (roleid, rolename, permission) values (34, 'team lead', 'sales only');
insert into role (roleid, rolename, permission) values (35, 'supervisor', 'read only');
insert into role (roleid, rolename, permission) values (36, 'manager', 'sales only');
insert into role (roleid, rolename, permission) values (37, 'employee', 'full access');
insert into role (roleid, rolename, permission) values (38, 'team lead', 'read only');
insert into role (roleid, rolename, permission) values (39, 'team lead', 'full access');
insert into role (roleid, rolename, permission) values (40, 'employee', 'admin');
insert into role (roleid, rolename, permission) values (41, 'employee', 'sales only');
insert into role (roleid, rolename, permission) values (42, 'supervisor', 'admin');
insert into role (roleid, rolename, permission) values (43, 'director', 'full access');
insert into role (roleid, rolename, permission) values (44, 'manager', 'read only');
insert into role (roleid, rolename, permission) values (45, 'manager', 'admin');
insert into role (roleid, rolename, permission) values (46, 'employee', 'read only');
insert into role (roleid, rolename, permission) values (47, 'supervisor', 'read only');
insert into role (roleid, rolename, permission) values (48, 'director', 'admin');
insert into role (roleid, rolename, permission) values (49, 'employee', 'full access');
insert into role (roleid, rolename, permission) values (50, 'supervisor', 'full access');
insert into role (roleid, rolename, permission) values (51, 'employee', 'full access');
insert into role (roleid, rolename, permission) values (52, 'team lead', 'sales only');
insert into role (roleid, rolename, permission) values (53, 'director', 'read only');
insert into role (roleid, rolename, permission) values (54, 'team lead', 'sales only');
insert into role (roleid, rolename, permission) values (55, 'supervisor', 'read only');
insert into role (roleid, rolename, permission) values (56, 'employee', 'full access');
insert into role (roleid, rolename, permission) values (57, 'director', 'sales only');
insert into role (roleid, rolename, permission) values (58, 'supervisor', 'read only');
insert into role (roleid, rolename, permission) values (59, 'employee', 'read only');
insert into role (roleid, rolename, permission) values (60, 'director', 'admin');
insert into role (roleid, rolename, permission) values (61, 'employee', 'admin');
insert into role (roleid, rolename, permission) values (62, 'team lead', 'admin');
insert into role (roleid, rolename, permission) values (63, 'team lead', 'read only');
insert into role (roleid, rolename, permission) values (64, 'team lead', 'sales only');
insert into role (roleid, rolename, permission) values (65, 'employee', 'read only');
insert into role (roleid, rolename, permission) values (66, 'director', 'admin');
insert into role (roleid, rolename, permission) values (67, 'director', 'full access');
insert into role (roleid, rolename, permission) values (68, 'team lead', 'admin');
insert into role (roleid, rolename, permission) values (69, 'team lead', 'full access');
insert into role (roleid, rolename, permission) values (70, 'team lead', 'full access');
insert into role (roleid, rolename, permission) values (71, 'employee', 'read only');
insert into role (roleid, rolename, permission) values (72, 'supervisor', 'admin');
insert into role (roleid, rolename, permission) values (73, 'supervisor', 'admin');
insert into role (roleid, rolename, permission) values (74, 'supervisor', 'sales only');
insert into role (roleid, rolename, permission) values (75, 'employee', 'admin');
insert into role (roleid, rolename, permission) values (76, 'director', 'full access');
insert into role (roleid, rolename, permission) values (77, 'director', 'full access');
insert into role (roleid, rolename, permission) values (78, 'manager', 'read only');
insert into role (roleid, rolename, permission) values (79, 'supervisor', 'full access');
insert into role (roleid, rolename, permission) values (80, 'supervisor', 'read only');
insert into role (roleid, rolename, permission) values (81, 'director', 'read only');
insert into role (roleid, rolename, permission) values (82, 'manager', 'read only');
insert into role (roleid, rolename, permission) values (83, 'director', 'sales only');
insert into role (roleid, rolename, permission) values (84, 'director', 'admin');
insert into role (roleid, rolename, permission) values (85, 'supervisor', 'sales only');
insert into role (roleid, rolename, permission) values (86, 'director', 'admin');
insert into role (roleid, rolename, permission) values (87, 'supervisor', 'admin');
insert into role (roleid, rolename, permission) values (88, 'director', 'sales only');
insert into role (roleid, rolename, permission) values (89, 'director', 'sales only');
insert into role (roleid, rolename, permission) values (90, 'manager', 'read only');
insert into role (roleid, rolename, permission) values (91, 'director', 'full access');
insert into role (roleid, rolename, permission) values (92, 'employee', 'read only');
insert into role (roleid, rolename, permission) values (93, 'director', 'read only');
insert into role (roleid, rolename, permission) values (94, 'manager', 'sales only');
insert into role (roleid, rolename, permission) values (95, 'employee', 'sales only');
insert into role (roleid, rolename, permission) values (96, 'supervisor', 'read only');
insert into role (roleid, rolename, permission) values (97, 'employee', 'full access');
insert into role (roleid, rolename, permission) values (98, 'director', 'full access');
insert into role (roleid, rolename, permission) values (99, 'supervisor', 'full access');
insert into role (roleid, rolename, permission) values (100, 'director', 'admin');
